name,address,phone,licence_number
ИП «Федотов»,"с. Камышлов, ул. Астраханская, д. 566, 985579",8 (590) 995-65-60,767276
Яндекс,"к. Яшкуль, ш. Володарского, д. 3 к. 9, 690835",+7 (075) 800-08-36,268008
Архипова Групп,"ст. Сибай, алл. Локомотивная, д. 5 стр. 2/3, 457015",+70735484941,401659
Тетерин Инк,"клх Березники, ш. Станционное, д. 9 стр. 6/9, 267271",+7 063 405 69 04,348365
Матвеева и партнеры,"г. Палана, ш. Мусы Джалиля, д. 86 к. 453, 211266",+7 (978) 972-95-74,850668
РАО «Соболев-Самсонова»,"к. Зеленогорск (Ленин.), бул. Азовский, д. 7/1 к. 697, 847631",+7 752 091 9650,296069
"ООО «Михеев, Степанов и Блохин»","п. Чебоксары, пр. 40 лет Октября, д. 8 стр. 4/8, 404212",8 329 542 68 99,957236
ЗАО «Шаров»,"п. Ноглики, наб. Крестьянская, д. 7 к. 9/5, 136330",+7 (995) 289-0138,880568
"ИП «Силин, Матвеев и Казаков»","клх Внуково (метеост.), наб. Строителей, д. 1 стр. 9/2, 556099",+78476547703,889625
"РАО «Туров, Пахомова и Лихачева»","клх Североморск, ш. Шмидта, д. 890 стр. 75, 411433",+70723432785,108726
РАО «Лобанов Симонов»,"ст. Петухово, ул. Сосновая, д. 5, 602609",+7 (104) 667-90-31,319954
ОМПК,"ст. Сызрань, ш. Курортное, д. 2/8, 034684",+72352663493,206933
Fix Price,"к. Печора, наб. Советской Армии, д. 71, 111618",+7 352 476 28 12,893871
"ООО «Логинова, Логинова и Рожкова»","клх Нижний Новгород, ш. 30 лет Победы, д. 3, 761947",85143072049,577901
Савельев Инк,"ст. Южно-Курильск, пр. Маркса, д. 8 к. 51, 574906",86915533001,830899
ИП «Кудряшов»,"ст. Мураши, наб. Владимирская, д. 2 к. 7, 534381",84692932420,238014
ЗАО «Самойлов»,"с. Калевала, ш. Интернациональное, д. 52 стр. 3/7, 453654",8 (072) 107-25-88,368830
РАО «Лукин Гришина»,"ст. Усолье Сибирское, пр. Пролетарский, д. 7/1 к. 887, 034737",+7 (329) 829-3992,338247
Зимина Лтд,"п. Нефедова, бул. Механический, д. 1 стр. 23, 423268",8 024 596 1196,380079
ОАО «Жукова»,"с. Кунгур, бул. Репина, д. 4, 954029",+7 238 405 00 98,356199
АО «Макаров-Федосеев»,"клх Гатчина, ш. Розы Люксембург, д. 2/3 к. 82, 774070",8 (436) 131-0512,419048
НПО «Жуков-Кошелев»,"д. Шерегеш, наб. Березовая, д. 733 стр. 931, 774707",8 (419) 897-2800,232791
НПО «Овчинникова Третьякова»,"д. Осташков, пр. Гастелло, д. 22 к. 274, 274841",+7 (186) 303-1780,149141
"АО «Крылова, Фокин и Воронова»","ст. Белогорск (Амур.), пр. Кирпичный, д. 51 к. 18, 290080",+7 631 479 06 42,404744
АФК Система,"г. Ставрополь, пр. Восьмого Марта, д. 49, 966647",+7 (294) 685-47-81,383839
ООО «Прохорова»,"г. Калач, алл. Урицкого, д. 70 стр. 1/5, 549415",+7 953 526 50 41,104524
"ОАО «Зайцев, Суханова и Муравьева»","п. Новый Оскол, ул. Химиков, д. 7, 807011",8 (981) 806-76-64,411733
Комиссаров Инк,"с. Ахтубинск, пр. Подлесный, д. 5/4, 660650",+74063525619,503512
ОАО «Казаков-Александров»,"клх Калевала, бул. Краснознаменный, д. 604 к. 659, 453458",8 (685) 678-73-21,988035
ИП «Кононова Красильников»,"клх Уфа, бул. Ульяновский, д. 4/4 к. 7/6, 342613",84861087125,635785
АО «Бобылев»,"д. Кыштым, наб. Шишкина, д. 1 стр. 313, 176076",+7 (830) 550-3727,456440
"ЗАО «Фадеев, Меркушев и Шарова»","г. Луга, алл. Ростовская, д. 743, 128891",+7 (831) 119-6836,841017
Зара СНГ (Zara),"клх Дагомыс, пер. Курский, д. 4, 977210",8 (174) 129-17-87,284938
Никитин Инкорпорэйтед,"к. Североуральск, ул. Овражная, д. 6 стр. 19, 874809",8 (033) 366-7943,727356
РАО «Никифоров-Селезнев»,"клх Пышма, ул. Луговая, д. 1/4 к. 2/4, 088233",+7 (306) 672-67-94,811414
ООО «Ильин-Третьякова»,"к. Губаха, ш. Разина, д. 124, 385259",8 (642) 911-47-36,116961
ИП «Титов Баранов»,"д. Черусти, наб. Первомайская, д. 80 к. 9, 127828",+7 (765) 712-75-69,601072
"РАО «Капустин, Логинов и Дорофеев»","п. Суздаль, алл. Дорожная, д. 619 к. 7/9, 175421",89834132446,128582
Попова и партнеры,"д. Киренск, ул. Вокзальная, д. 464, 387762",+7 (787) 811-8661,824299
"ООО «Доронин, Баранов и Карпов»","д. Касимов, ул. Короленко, д. 4/6, 142837",8 (652) 691-35-11,157362
ООО «Аксенова»,"ст. Бреды, алл. Рабочая, д. 35 стр. 967, 415225",+7 (317) 149-3199,860812
Шестакова Инкорпорэйтед,"г. Находка, пер. Станционный, д. 8, 939289",+7 947 112 12 83,516677
ЗАО «Ершова-Никифорова»,"клх Сунтар, пр. Садовый, д. 6/4, 493580",+7 045 229 2689,293087
Шестакова Инкорпорэйтед,"ст. Мезень, наб. Пожарского, д. 4 стр. 5, 814716",8 054 787 49 63,263661
"АО «Гришина, Воронова и Захарова»","с. Корсаков, наб. Азовская, д. 6/1 к. 70, 608085",8 (861) 769-76-10,324124
ООО «Тарасов-Гущин»,"г. Касимов, бул. Кавказский, д. 9, 966977",+7 (585) 555-1913,132603
ИП «Зимин Кошелева»,"клх Россошь, пер. Весенний, д. 8/5, 148702",89590681863,751416
"ЗАО «Орехов, Соловьева и Кошелев»","с. Верещагино (Перм.), пер. Огородный, д. 7 к. 957, 182635",+7 (643) 674-37-96,411037
АО «Галкин-Зайцева»,"ст. Устюжна, алл. Тамбовская, д. 187, 769206",+7 (643) 721-1938,365504
ОАО «Лебедева Журавлев»,"ст. Омск, бул. Физкультурный, д. 859 к. 8, 321456",8 916 939 0399,405214
Мосгортранс,"ст. Курск, ш. Красногвардейское, д. 2 стр. 20, 541202",8 820 009 7259,969045
ОАО «Лукин-Григорьева»,"п. Кызыл, алл. Поперечная, д. 9/6 стр. 526, 854861",83497190480,887442
"ЗАО «Александрова, Дементьев и Титова»","п. Джубга, бул. Восточный, д. 800 стр. 8/9, 476007",80463728050,849076
ОАО «Кошелева»,"клх Медногорск, наб. Молодежная, д. 129 к. 37, 362022",+7 472 106 67 93,495414
НПО «Зиновьева Дорофеев»,"д. Курумкан, пр. Химиков, д. 577 стр. 8, 540484",8 (340) 594-84-40,741952
РАО «Мухин-Ларионов»,"д. Палана, ш. Рыбацкое, д. 98, 703017",+7 (392) 484-62-76,521885
АО «Петрова-Пономарева»,"г. Сосновый Бор, ш. Трудовое, д. 7 стр. 7/3, 988093",+7 200 559 23 83,286367
ООО «Панфилов-Игнатьева»,"п. Нижний Тагил, ш. Спортивное, д. 30 стр. 4, 032942",8 (011) 870-48-88,165293
ООО «Константинов Ситникова»,"ст. Онега, алл. Сельская, д. 53 стр. 47, 760594",+7 (002) 361-2703,979628
ООО «Князева Ларионов»,"ст. Гремячинск (Перм.), ш. Кузнецова, д. 8, 707264",8 452 240 41 00,941917
Осипова Лтд,"с. Пышма, алл. Панфилова, д. 6 к. 6, 438900",8 117 512 5883,884806
Осипов Групп,"клх Пушкин, алл. Инженерная, д. 4 стр. 620, 721308",+7 (298) 734-93-41,185547
АО «Фомичев Гусева»,"ст. Бронницы, наб. Крылова, д. 4, 829948",+7 (671) 436-8586,476927
НПО «Кулакова Тетерина»,"с. Старый Оскол, ул. Курчатова, д. 6 стр. 38, 184113",84233141996,850499
ООО «Быков-Зайцева»,"с. Апатиты, пр. Чернышевского, д. 967 к. 14, 967792",+7 (257) 757-10-06,283899
ОАО «Николаева-Кулакова»,"клх Пушкино (Моск.), пр. Северный, д. 525 к. 8/9, 468389",+7 (784) 763-0149,518768
РАО «Зайцева Гурьев»,"г. Находка, пер. Ставропольский, д. 988, 710299",+7 (315) 232-8688,398150
АО «Селиверстов Ситникова»,"г. Тосно, ул. Московская, д. 3, 279434",8 (237) 678-20-08,725269
НПО «Одинцова-Моисеев»,"к. Ухта, бул. Восьмого Марта, д. 8/2, 807629",8 195 206 2349,131375
ЗАО «Князев»,"клх Переславль-Залесский, наб. Жданова, д. 3, 697888",+7 (348) 346-8855,567227
Сэтл групп,"клх Воркута, пр. Московский, д. 28 к. 7/7, 921291",+7 644 772 81 40,341998
ОАО «Калашникова Беспалова»,"с. Тура, ул. К.Маркса, д. 36 стр. 7, 937043",+7 (107) 528-1227,651102
ЗАО «Павлов-Авдеев»,"г. Арзамас, ш. Большевистское, д. 18, 167397",8 780 743 9144,623404
ИП «Михайлова»,"клх Псебай, алл. Промышленная, д. 5/9 стр. 4/7, 347168",8 (059) 900-79-66,149920
ООО «Прохоров»,"ст. Луховицы, пер. Матросова, д. 5, 461642",+7 (780) 902-40-72,349599
ИП «Костин»,"к. Кондопога, пер. 50 лет Победы, д. 36 к. 625, 043594",+7 343 131 4966,865555
Пахомова Лимитед,"с. Калевала, ш. Ветеранов, д. 263 стр. 46, 650081",8 359 668 21 68,593354
Галкин Инк,"ст. Змеиногорск, алл. Халтурина, д. 4, 969005",+72486589115,382982
Самсонова Лтд,"к. Лагань, пр. Курский, д. 616, 531868",+7 606 322 99 06,873610
ЗАО «Назаров-Мартынов»,"д. Щелково, бул. Глинки, д. 35, 128946",+7 (374) 665-2370,428501
"ЗАО «Кабанова, Лапин и Коновалов»","п. Карабудахкент, бул. Сплавный, д. 7 к. 4/2, 628486",+79233961870,296501
Ковалева Инк,"д. Чебаркуль, алл. Раздольная, д. 15, 796531",80980735533,916156
"НПО «Фомичев, Казаков и Горбунов»","п. Верхотурье, алл. Блюхера, д. 57 стр. 9, 102711",+7 (872) 147-3378,133554
ЗАО «Соловьева»,"ст. Меренга, бул. Маркса Карла, д. 912 к. 51, 453435",+7 (492) 395-54-13,298699
ИП «Филиппов Лыткин»,"ст. Малоярославец, бул. Промышленный, д. 2, 235250",+74754092606,336336
ТАИФ-НК,"ст. Вологда, ш. Студенческое, д. 40 к. 8/7, 048275",8 822 440 21 63,700603
Ашинский металлургический завод,"г. Хоста, наб. Мира, д. 6, 533661",+7 (514) 545-99-80,528725
НПО «Артемьев»,"г. Терней, ш. Запрудное, д. 6, 786012",8 (200) 988-8359,674801
Фролов Инкорпорэйтед,"ст. Новороссийка, бул. Терешковой, д. 78 к. 6, 578037",8 (858) 049-49-12,667597
Mail.Ru Group,"ст. Диксон, ул. Родниковая, д. 5, 532936",+7 (324) 379-6096,759049
"ООО «Ефимов, Беспалова и Егоров»","с. Ельня, пер. Культуры, д. 8/4 к. 5/3, 271217",+7 (334) 872-73-60,453952
Хохлов Инкорпорэйтед,"п. Диксон, ул. Кузнецова, д. 33 к. 47, 343661",+7 398 124 59 56,622131
Брагина Лимитед,"с. Зеленоград, ш. Сахалинское, д. 4 стр. 9, 277745",+7 (701) 943-8841,422994
Моисеева и партнеры,"к. Макаров, ул. Березовая, д. 65 к. 104, 186730",8 225 523 8657,606865
ООО «Колесников-Доронин»,"с. Оленек, наб. Маркса Карла, д. 692, 947207",8 645 897 9304,326880
ОАО «Одинцова Авдеев»,"к. Балашов, алл. Леонова, д. 8/3 стр. 82, 687891",+7 (065) 901-27-13,721976
ООО «Жданов Рожкова»,"с. Нерчинск, бул. Донской, д. 6/1 к. 67, 082557",81862144815,371238
"ООО «Муравьев, Николаева и Капустина»","с. Барнаул, пер. Суворова, д. 1 стр. 6, 593523",8 (181) 881-22-11,357940
ООО «Смирнова-Голубева»,"г. Брянск, ш. Поперечное, д. 59 стр. 6, 519004",+78572010453,178642
АО «Дьячкова Белоусова»,"п. Урус-Мартан, ш. Амурское, д. 4 к. 97, 207908",+7 207 275 18 26,400914
ИП «Горбунова Фролова»,"клх Карпинск, ш. Горняцкое, д. 34 стр. 16, 047261",+7 396 036 57 34,128949
ООО «Копылов Шарапова»,"с. Бугульма, наб. Горняцкая, д. 7/4 к. 1, 871770",8 908 785 1221,790446
РАО «Александров-Поляков»,"ст. Качканар, наб. Солнечная, д. 1, 759745",8 (538) 715-5031,693410
ЗАО «Иванов Тетерин»,"с. Билибино, пр. Пограничный, д. 952 стр. 74, 607425",+76645016744,371873
АО «Гущина»,"клх Воткинск, бул. Новосельский, д. 157, 523670",+7 754 062 06 11,235855
ООО «Калашников»,"к. Палана, пр. 30 лет Победы, д. 1/9 стр. 630, 443143",8 871 164 12 07,959950
Панов Инк,"к. Уэлен, алл. Мира, д. 2/9 стр. 6/5, 325294",8 523 869 28 23,239674
ОАО «Петухова»,"ст. Красновишерск, пер. Ульянова, д. 3/4 стр. 271, 805184",+70121345426,769707
Марс (Mars),"г. Гремячинск (Бурят.), ул. Чехова, д. 2 к. 9/6, 722865",8 199 844 6522,486412
"ЗАО «Панфилов, Максимова и Молчанова»","ст. Королев, ул. Ветеранов, д. 3, 405332",+76330474556,985421
РАО «Матвеева-Кулагина»,"п. Грозный, пр. Дзержинского, д. 3 стр. 50, 081491",+7 (892) 140-82-74,613468
ООО «Сорокина-Калашников»,"п. Белокуриха, ш. Геологов, д. 4 стр. 556, 355188",8 (209) 338-3620,639045
Зерно-трейд,"ст. Чехов, бул. Ульяновский, д. 272 стр. 87, 095240",8 (984) 509-3410,657038
Металлокомплект-М,"г. Эльбрус, пер. Машиностроителей, д. 5/5 к. 8/9, 134602",+7 (397) 389-56-02,908355
Архипов Инкорпорэйтед,"д. Троицк (Челяб.), алл. Маркса, д. 5, 928419",+7 923 988 2951,190996
Селезнев Групп,"ст. Мураши, наб. 50 лет Октября, д. 9 к. 75, 762055",+7 969 791 6386,985518
Ларионова Инк,"п. Черусти, ул. Строительная, д. 84, 328971",+7 (053) 037-09-31,874975
"ОАО «Панова, Меркушев и Сидорова»","д. Обоянь, бул. Депутатский, д. 418 к. 4/3, 828994",8 (776) 451-94-54,414929
ИП «Гришин»,"клх Махачкала, ш. Овражное, д. 734 стр. 371, 026810",+7 (594) 538-97-30,821878
ООО «Соловьева»,"п. Каргасок, пер. Смоленский, д. 25 стр. 3/2, 869782",+7 160 532 03 93,353345
"АО «Журавлева, Дмитриев и Карпов»","п. Макаров, наб. Театральная, д. 7/7 к. 1/4, 093637",8 (977) 604-25-08,101149
ООО «Гуляев-Тетерина»,"г. Мыс Шмидта, ул. Первомайская, д. 6/9, 537769",8 161 163 86 74,663112
Деловые линии,"д. Дзержинск, ш. Лазурное, д. 7 стр. 1, 937374",8 685 998 17 31,973311
Волкова Групп,"п. Армавир, пр. Новый, д. 221 стр. 9/2, 053938",8 (894) 272-26-53,226990
Сибур Холдинг,"ст. Советский, алл. Кольцова, д. 725 к. 7/8, 754822",8 (112) 319-59-54,750761
АО «Капустина Кабанов»,"с. Мыс Шмидта, ш. Калужское, д. 4/5 к. 3, 695859",+7 (361) 955-17-60,690808
Корпорация Электросевкавмонтаж,"п. Кировск (Мурм.), алл. Дорожников, д. 1/4 стр. 9/2, 798573",8 (264) 717-8767,517446
"ЗАО «Субботин, Шарапов и Давыдова»","г. Подольск, пр. Сельский, д. 753, 170289",8 (447) 428-06-50,277132
РАО «Князев»,"д. Красноселькуп, ул. Коммунаров, д. 492, 614657",8 (831) 466-28-71,117744
Журавлев Лимитед,"с. Нарым, пр. Орловский, д. 86, 527229",8 530 875 49 89,632411
ООО «Нестерова»,"к. Котлас, ул. Лесозаводская, д. 47, 849298",+76302628875,411575
ЗАО «Белякова Абрамов»,"д. Яшкуль, ш. Ленинградское, д. 954, 282408",8 (602) 614-0385,435424
АО «Муравьева Дмитриев»,"г. Дзержинск, пр. Фабричный, д. 8/9 к. 5, 113099",+7 (178) 140-82-43,919328
ИП «Ильина-Мартынов»,"п. Сибай, пр. Красных Партизан, д. 79 стр. 51, 566337",+74608629705,351582
ИП «Лаврентьев-Третьякова»,"с. Палана, бул. Чапаева, д. 345 к. 97, 620892",8 425 548 63 08,333697
"РАО «Щербаков, Козлова и Субботин»","г. Асино, пер. Минина, д. 3 к. 626, 795310",+7 (318) 562-13-31,609728
Сатурн-Р,"г. Ногинск (Моск.), пр. Курортный, д. 4/7 стр. 362, 136946",+7 196 300 92 24,615873
ЗАО «Ларионов»,"д. Березники, алл. Чернышевского, д. 2/7 к. 6/6, 659451",8 869 887 16 13,987308
Константинов Групп,"д. Калач, алл. Димитрова, д. 3/3, 636681",+74374966714,879316
Киселев Лимитед,"с. Карпинск, пр. Первомайский, д. 1 к. 68, 507836",+7 (045) 631-18-58,379059
"НПО «Тетерина, Бобылева и Калашникова»","к. Таштагол, бул. Харьковский, д. 539 стр. 438, 253931",+7 (327) 162-91-41,388852
ОАО «Денисов»,"к. Токсово, пр. Ворошилова, д. 529, 014840",+7 426 659 8945,654884
ИП «Соколова Маслова»,"г. Ялуторовск, алл. Медицинская, д. 4 к. 9/8, 627475",+7 201 116 61 39,294422
АО «Никифорова»,"г. Шуя, наб. Кузнечная, д. 17, 295265",8 (158) 034-81-65,434028
ОАО «Потапов Ершова»,"ст. Соловки, пер. Есенина, д. 3 стр. 249, 103264",8 (555) 533-2507,645822
ОАО «Рыбакова Шарапова»,"ст. Усть-Баргузин, бул. Ставропольский, д. 9, 526616",+7 348 942 21 85,420832
НПО «Мишин»,"с. Шелехов, пр. Станционный, д. 405 стр. 8, 719509",86412665059,156096
"АО «Евдокимов, Осипова и Комаров»","клх Грозный, наб. Высоцкого, д. 2/3, 284067",8 820 275 4568,256919
Русская медная компания,"клх Хабаровск, пр. Кузнецкий, д. 93 к. 88, 269770",89535564605,472259
"НПО «Громова, Пономарев и Лукин»","п. Валаам, ш. Алтайское, д. 3 к. 487, 982978",+7 660 580 96 93,836798
ЗАО «Силин»,"г. Тулпан, пр. Коммунаров, д. 4/3, 145538",87002152408,752936
ООО «Анисимова»,"к. Тотьма, наб. Высотная, д. 5/4 к. 3/7, 766412",+7 056 617 1615,253472
НПО «Миронов Константинова»,"д. Соль-Илецк, пер. Краснофлотский, д. 377 стр. 2, 849409",+7 (143) 914-59-77,330589
НПО «Бирюкова Фокина»,"п. Аргаяш, бул. Главный, д. 8 к. 70, 004502",+7 821 377 77 85,880573
ОАО «Меркушева Быков»,"ст. Калачинск, алл. Интернациональная, д. 9 к. 1, 596240",8 (283) 624-08-08,452445
НПО «Быков»,"ст. Таштагол, наб. Пирогова, д. 5, 541376",8 (704) 238-8038,710083
ООО «Павлова»,"с. Нефтегорск (Самар.), ш. Заозерное, д. 8, 269721",8 (109) 023-5650,582464
ИП «Соловьева-Тихонов»,"с. Верхний Тагил, пр. Революции, д. 5/6 к. 870, 910240",8 (221) 548-6953,263483
ОАО «Никитин Афанасьев»,"к. Баргузин, пр. Парижской Коммуны, д. 5/7, 730464",+7 063 974 56 54,346621
Аргос,"с. Верхний Тагил, наб. Рябиновая, д. 634 к. 43, 500053",8 (753) 963-77-02,552094
ОАО «Лукин»,"д. Цимлянск, пр. Деповский, д. 6/2 к. 553, 792390",+71195743136,216426
Объединенная авиастроительная корпорация,"ст. Старый Оскол, ул. К.Маркса, д. 9/3 стр. 9, 752952",+7 (631) 467-32-33,861350
ООО «Казаков-Кулакова»,"к. Хасавюрт, пр. Космический, д. 1 к. 79, 137585",8 (425) 780-66-24,190905
Авиакомпания ЮТэйр,"с. Волоколамск, пр. Балтийский, д. 6 стр. 9/9, 319950",+7 (774) 141-7281,953243
ЗАО «Давыдов-Архипов»,"ст. Клин, пр. Высотный, д. 5 стр. 1, 837638",+7 660 421 2960,796283
Roust,"д. Пенза, пер. Центральный, д. 16 к. 26, 514758",8 095 998 61 44,247075
Белов Лимитед,"д. Кунгур, пер. Победы, д. 7/1 к. 6/1, 240635",+7 605 971 00 08,228190
ОАО «Емельянова Орлов»,"с. Верхнее Пенжино, наб. Хуторская, д. 8 к. 30, 150723",87349517217,253350
Бирюкова Лимитед,"с. Шадринск, алл. Сельская, д. 1, 498199",8 930 414 6005,820436
ОАО «Лихачев-Кононова»,"п. Балашиха, наб. Широкая, д. 4/3, 005147",8 (254) 942-34-69,845492
НПО «Селезнев»,"к. Ульяновск, бул. Иванова, д. 9 стр. 67, 231843",8 424 016 45 90,454622
АО «Савельева-Быков»,"клх Черкесск, ш. Труда, д. 33 стр. 636, 635947",+7 601 522 51 61,265349
Лихачев Инкорпорэйтед,"клх Данков, пер. Урицкого, д. 750 стр. 1, 152866",+71212111515,274034
ЗАО «Яковлева»,"г. Новороссийск, наб. Минская, д. 73, 064205",+7 935 164 8688,349631
АО «Панфилов Брагина»,"п. Нефтеюганск, пр. Краснодарский, д. 4, 473231",+7 660 530 4405,856197
ООО «Лихачев Попов»,"д. Луга, пр. Луначарского, д. 59 к. 381, 192851",8 886 830 8119,492107
Кудрявцев Групп,"д. Кетченеры, ш. Березовое, д. 6/2 стр. 764, 212249",+74253298262,886535
Блинов Инкорпорэйтед,"п. Борзя, ш. Краснофлотское, д. 307, 308853",8 (581) 008-3170,159003
НПО «Беспалова-Ширяев»,"с. Павловский Посад, пр. Овражный, д. 685 стр. 855, 288581",+7 (713) 531-24-24,868589
"ИП «Степанова, Коновалов и Ларионова»","с. Минусинск, ул. Машиностроителей, д. 460 стр. 482, 527699",80231255714,509640
НПО «Нестеров»,"ст. Южноуральск, пер. Механизаторов, д. 22, 371225",8 075 458 11 20,411961
НПО «Лыткин»,"с. Арзамас, ш. Некрасова, д. 3/9 к. 6, 537173",+7 (243) 316-2099,161251
Зимина Лимитед,"с. Чебоксары, наб. Серова, д. 714 к. 93, 533340",+7 425 561 3257,557175
Рыбаков и партнеры,"к. Барнаул, ш. Высотное, д. 908, 687253",+7 560 941 01 68,444975
Ренейссанс Хэви Индастрис Ronesans Endustri,"с. Данков, ул. Подгорная, д. 376 к. 96, 925802",+7 (300) 644-62-91,432836
Кулагин Инк,"с. Тура, алл. Урожайная, д. 97, 239643",+72559594241,300574
"АО «Афанасьев, Гордеев и Новиков»","п. Гусь-Хрустальный, ул. Попова, д. 741 к. 4, 303987",8 502 911 5265,755254
"ООО «Титова, Дьячкова и Терентьев»","ст. Черский, наб. Украинская, д. 4, 775176",8 (298) 104-77-24,556211
Лазарев Инкорпорэйтед,"д. Югорск, пр. Рязанский, д. 36 к. 2/1, 917763",89008704490,274617
ОАО «Сергеева»,"п. Петушки, пер. Алтайский, д. 710 к. 31, 242777",+7 304 644 76 55,682995
"РАО «Казакова, Буров и Ефремова»","клх Карпинск, бул. Ярославский, д. 4/3 стр. 5, 228806",89981455031,759982
"ОАО «Беспалов, Карпов и Щукина»","п. Усолье Сибирское, пр. З.Космодемьянской, д. 8, 599382",8 597 724 3504,591221
Модум-транс,"к. Курильск, ул. Бригадная, д. 4/4 к. 5, 342824",8 877 685 85 81,958586
АФК Система,"г. Канск, пер. Достоевского, д. 3 к. 101, 192330",+7 208 285 64 37,273471
"ОАО «Белова, Миронова и Савин»","д. Обоянь, наб. Володарского, д. 586 к. 59, 375072",+7 599 308 1900,979154
ООО «Кудряшов»,"ст. Гудермес, пер. Озерный, д. 7/6, 852854",85381098229,269587
НПО «Быков Шестакова»,"г. Яр-Сале, ш. Енисейское, д. 6/8 к. 23, 553674",+7 355 956 3917,734401
Мельников Инкорпорэйтед,"п. Тырныауз, пр. Терешковой, д. 77 стр. 83, 350850",8 374 661 7253,649496
Мосгортранс,"д. Александров, ул. Беляева, д. 7, 070552",8 (989) 451-91-38,548376
РАО «Зуева Туров»,"п. Видное, ш. Красноярское, д. 909, 407748",+7 646 554 09 20,669407
Корнилова Инк,"д. Архыз, ул. Рязанская, д. 507 к. 5/7, 389456",8 661 375 55 01,680548
"ЗАО «Кошелева, Тихонова и Корнилов»","к. Мичуринск, алл. Лесозаводская, д. 1 стр. 383, 269431",8 (329) 197-7115,213637
ООО «Соболева-Потапов»,"к. Гремячинск (Перм.), пер. Володарского, д. 9 стр. 1, 856416",8 (645) 679-19-82,447971
Интернешнл Пейпер (International Paper),"к. Нурлат, алл. Циолковского, д. 9, 707001",+7 226 020 6297,541633
Трест КХМ,"клх Черняховск, ул. Запрудная, д. 66 к. 215, 695377",8 (516) 040-10-39,996982
АО «Романова»,"ст. Качканар, ул. Зои Космодемьянской, д. 25 к. 96, 043208",+7 (134) 716-09-14,964919
ЗАО «Шилова»,"к. Ступино, пр. Ангарский, д. 3 стр. 1, 394223",89254742923,684714
"ООО «Щукина, Петрова и Казакова»","с. Нефтегорск (Самар.), пр. Южный, д. 169, 069086",+7 (746) 567-00-11,453588
АО «Федотова»,"клх Владимир, алл. Автомобилистов, д. 25 стр. 49, 526364",8 512 057 9142,119626
ОАО «Павлов-Кошелев»,"д. Истра, ул. Олимпийская, д. 218, 755035",+78243243305,392968
Кононов и партнеры,"г. Устюжна, ш. Халтурина, д. 9/7, 738707",+79842950612,318741
Сталепромышленная компания,"клх Луховицы, ш. Кутузова, д. 8, 815657",83689027442,435929
НПО «Крылова Баранов»,"к. Шуя, пр. 1 Мая, д. 3/7 стр. 626, 680179",8 (771) 143-94-61,721089
НПО «Харитонов»,"г. Тосно, алл. Максима Горького, д. 1/3 к. 41, 933897",+7 (368) 828-47-98,289537
Восточная горнорудная компания,"п. Старая Русса, бул. Астраханский, д. 24 стр. 2/9, 614870",+7 (434) 483-76-36,328344
"РАО «Буров, Капустин и Самойлов»","к. Терскол, пер. Фадеева, д. 616, 712398",+70690730116,491285
"ООО «Данилова, Воронова и Белозеров»","г. Армавир, бул. Нахимова, д. 8, 336360",+7 724 125 3791,999419
ЗАО «Евсеева»,"к. Вытегра, бул. Циолковского, д. 3/4 к. 888, 219998",8 813 958 99 79,665745
РАО «Орехова Осипова»,"п. Надым, наб. Дорожная, д. 9/5, 267689",8 969 097 7457,279077
Центр финансовых технологий,"ст. Джейрах, ш. Ленина, д. 751, 681639",8 862 763 55 48,265851
"РАО «Вишнякова, Лукин и Селезнев»","д. Плес, бул. Подлесный, д. 907, 068508",+7 374 441 49 23,345389
ООО «Устинов-Самойлов»,"г. Усть-Илимск, бул. Кооперативный, д. 9 к. 63, 649104",82779002420,650534
ЗАО «Яковлева»,"с. Руза, ул. Победа, д. 3, 268930",8 (920) 570-5280,847818
ЗАО «Крылов»,"п. Катайск, пр. Боровой, д. 5/5, 767890",+72913940232,684800
Группа Стройтрансгаз,"д. Верхний Уфалей, пр. Набережный, д. 1/8 к. 11, 398110",8 327 699 4793,618349
Устинова Групп,"к. Балашов, алл. Химиков, д. 80, 631011",8 (900) 259-49-88,959956
АО «Никитина»,"г. Нефтеюганск, наб. Гафури, д. 89, 693432",+77367914235,389222
Технологии машиностроения (Техмаш),"ст. Армавир, пер. Матросова, д. 8, 834159",8 781 777 87 35,159136
АО «Григорьев»,"к. Муравленко, пер. Кооперативный, д. 4/8 к. 21, 479281",+7 (420) 615-32-24,731537
ОАО «Корнилова-Орлова»,"клх Чермоз, ул. Коллективная, д. 41, 072595",8 (379) 172-61-63,550364
ОАО «Сидоров-Маркова»,"д. Советский, ул. Подстанция, д. 3/2, 789402",+79123552128,852911
ИП «Шилова-Ермакова»,"п. Магас, пер. Королева, д. 2/5, 314908",+7 (535) 830-66-52,553057
"НПО «Никитин, Богданов и Моисеева»","п. Урай, наб. Индустриальная, д. 27, 948553",8 (422) 111-4097,646515
НПО «Гурьева»,"с. Гусь-Хрустальный, пер. Таманский, д. 6/7 стр. 3/2, 923234",+7 (088) 434-7908,342373
Шубина Инкорпорэйтед,"п. Елатьма, бул. Восточный, д. 2/5 стр. 1, 889546",8 664 244 4142,410650
Группа Газфонд,"г. Джубга, бул. Белинского, д. 6/5 к. 2, 452110",8 271 202 52 38,733082
Гуляев Лимитед,"п. Саратов, алл. Гоголя, д. 407 к. 8, 349774",89644284823,420229
Билла (Rewe),"к. Сарапул, пр. Сурикова, д. 1/8 стр. 12, 887906",+77385051663,400693
НПО «Горшков-Шубина»,"с. Усть-Кулом, наб. Воровского, д. 8/8 к. 312, 775763",+7 369 271 2176,684869
Кононов Инк,"с. Апшеронск, ул. Малая, д. 3 стр. 5/7, 189953",8 165 111 5518,382568
ОАО «Николаев-Цветков»,"п. Иркутск, ул. Тургенева, д. 2 стр. 4/6, 129319",+7 231 189 6486,754554
Сандоз (Sandoz),"к. Хабаровск, алл. Заозерная, д. 1/7 стр. 48, 743164",+7 652 337 65 79,977337
"РАО «Лукин, Виноградова и Лебедева»","ст. Карабулак, бул. Беляева, д. 4 стр. 41, 941547",+79096418968,884178
ОАО «Захарова Тимофеев»,"г. Вязьма, бул. Лазо, д. 53, 610933",+7 (012) 657-1684,228884
НПО «Константинов-Морозова»,"с. Шаховская, пер. Иванова, д. 37 к. 652, 052470",+73999100441,571611
АО «Гуляев»,"с. Верхнее Пенжино, пр. Есенина, д. 16 стр. 47, 573337",8 186 075 40 18,716439
ОАО «Некрасова-Харитонов»,"д. Гатчина, пер. Угловой, д. 6/6 к. 34, 337715",88896473511,208211
"АО «Исаев, Рогова и Федоров»","клх Макушино, бул. Тупиковый, д. 8/4 стр. 24, 065117",+7 (772) 371-23-75,785611
"ИП «Федоров, Наумова и Орлова»","клх Кизел, пер. Строителей, д. 7/3 к. 23, 023925",8 221 524 5457,638579
ЗАО «Прохоров Игнатьев»,"клх Великий Устюг, ул. Учительская, д. 667, 512265",8 800 031 09 39,592407
Коновалов и партнеры,"г. Терскол, пр. Котовского, д. 916 к. 5, 585585",+71900580695,768941
ОАО «Шестаков»,"г. Ставрополь, пр. Глинки, д. 678 стр. 2/1, 381142",8 738 947 1876,500793
Савельева Лимитед,"г. Красногорск (Моск.), пер. Королева, д. 22, 818960",8 123 686 0920,182450
ТЭК СПБ,"с. Подольск, пер. Саратовский, д. 11 стр. 6, 007312",8 (434) 591-70-98,871795
ОАО «Фомичева Фролов»,"г. Боровск, пер. Машиностроителей, д. 20 к. 7, 534173",+7 503 464 12 54,878561
ОАО «Гущина Дорофеева»,"п. Токма, бул. Космонавтов, д. 5/7 стр. 571, 838819",+7 (989) 478-80-47,710446
ОАО «Евсеев Захаров»,"д. Химки, бул. Смирнова, д. 93 стр. 30, 959711",+72821037181,532041
ИП «Лапин-Киселев»,"с. Невельск, наб. Станиславского, д. 926, 301351",8 545 698 6241,963636
"РАО «Пахомова, Егоров и Рыбаков»","клх Камень-на-Оби, пер. Почтовый, д. 62 к. 117, 448984",8 (754) 224-02-29,272980
ИП «Хохлова»,"к. Железногорск(Курск.), бул. Социалистический, д. 1/8, 714113",+7 954 334 39 78,803004
"РАО «Бобров, Савина и Доронина»","клх Елабуга, наб. Шахтерская, д. 828 к. 236, 890254",8 (557) 908-2184,965227
Мишина Лимитед,"с. Чебаркуль, ш. Панфилова, д. 5/3 к. 1/2, 667631",8 615 703 10 34,190174
"АО «Кошелева, Денисов и Фомин»","д. Морозовск, ш. Привокзальное, д. 4, 822266",+7 (596) 908-50-53,539110
Прохоров Лимитед,"ст. Чусовой, ул. Калинина, д. 10, 586375",8 (139) 836-4253,974761
"ЗАО «Исаева, Соколова и Рябова»","г. Бреды, пер. Советской Армии, д. 954 к. 1/9, 815168",+7 122 114 2296,565782
Промышленно-металлургический холдинг,"клх Гаврилов-Ям, бул. Пугачева, д. 8 к. 88, 967398",8 531 940 95 61,286928
Макдоналдc (McDonald`s),"г. Колпашево, пер. Майский, д. 7/7, 990244",8 (394) 207-5448,635611
Россельхозбанк,"п. Губаха, наб. Революции, д. 82 стр. 3/7, 599915",+7 638 407 4725,230203
"ООО «Лихачев, Борисова и Юдина»","г. Калачинск, ул. Флотская, д. 2 к. 9/1, 976103",+7 (314) 150-50-41,149464
"ООО «Матвеева, Мартынова и Русакова»","с. Гатчина, наб. Стадионная, д. 5/4 к. 7, 613705",+7 (750) 501-78-11,860416
ОАО «Гурьева Голубева»,"п. Верещагино (Перм.), бул. Черемуховый, д. 272 стр. 2/2, 719678",+7 (418) 529-05-55,571450
РАО «Баранов»,"г. Ивдель, ш. Куйбышева, д. 2 стр. 70, 326600",8 172 875 75 33,357834
"ИП «Ширяев, Куликов и Потапова»","клх Соликамск, наб. Кутузова, д. 9 к. 5/7, 714488",+7 246 304 9845,924850
ОАО «Афанасьева Гусева»,"д. Елабуга, алл. Высокая, д. 97 к. 87, 577513",87078751361,596997
Банк Возрождение,"д. Дагомыс, пр. Ульянова, д. 1 стр. 84, 423276",+7 414 773 38 55,905261
Fix Price,"д. Чебоксары, наб. Огородная, д. 8 к. 43, 460103",8 222 606 6646,231930
РАО «Федосеев»,"п. Ставрополь, ш. Производственное, д. 1/8 стр. 6, 176350",+7 278 728 9279,342033
Спортмастер,"ст. Далматово, ул. Невского, д. 8 стр. 59, 616690",+74960320698,799580
ИП «Фомичев»,"г. Ардон, ш. Депутатское, д. 9/4 к. 68, 247623",85766079390,866596
РАО «Потапов»,"с. Корсаков, ш. Восьмого Марта, д. 9 стр. 7/6, 166599",+7 527 868 0521,523630
"АО «Максимов, Морозов и Комарова»","с. Соль-Илецк, ш. Механизаторов, д. 69 стр. 44, 610607",81804670483,984070
РАО «Герасимов»,"клх Джубга, бул. Культуры, д. 798, 381623",+70591420471,653758
"ООО «Логинов, Мамонтов и Юдина»","п. Лысьва, пер. Минина, д. 7/4, 768757",+78283495798,382157
ООО «Артемьев-Филиппова»,"г. Белгород, бул. Крестьянский, д. 7/8 стр. 12, 727676",8 124 110 8401,417483
А.П.Р.,"с. Кропоткин (Краснод.), ул. Логовая, д. 85 к. 6/5, 907940",+7 707 035 3038,352458
ЗАО «Брагина Авдеева»,"г. Ессентуки, ш. Демьяна Бедного, д. 260 к. 97, 167330",+7 (720) 238-45-82,901786
ОАО «Казакова»,"к. Новочеркасск, алл. Высоцкого, д. 738 к. 4, 123264",+7 (431) 739-36-38,968083
ИП «Гордеева-Пахомов»,"г. Славгород, алл. 40 лет Победы, д. 32, 588918",8 723 023 3498,453334
ЗАО «Пестов-Архипов»,"ст. Каневская, бул. Специалистов, д. 288 к. 616, 855903",8 663 357 1693,659332
ООО «Рыбаков-Блинов»,"п. Андреаполь, ш. Блюхера, д. 6 к. 5/8, 531807",82496134222,465855
Автотор холдинг,"к. Ялуторовск, алл. Прохладная, д. 2/6 к. 8, 407233",8 789 001 02 80,794579
ООО «Игнатьев-Шаров»,"д. Торжок, алл. Молодежная, д. 7, 807138",+7 971 891 17 47,669271
"ИП «Рогова, Ковалев и Калинина»","к. Усть-Ишим, алл. Вавилова, д. 518, 601245",8 (193) 726-4460,847778
ООО «Соколов Кондратьев»,"ст. Плесецк, бул. Жданова, д. 4 стр. 7, 023458",+71682853623,396413
НПО «Анисимов»,"п. Урюпинск, пр. Энтузиастов, д. 2/2, 022037",+7 805 239 7951,613735
АО «Третьякова-Петров»,"клх Уссурийск, ул. Алтайская, д. 792, 412306",8 (285) 807-28-45,625749
НПО «Рогов-Фомин»,"с. Нарьян-Мар, бул. Дружба, д. 2/8 стр. 6/5, 004581",8 731 183 57 93,316975
Тетра Пак (Tetra Pak),"г. Усть-Кулом, пр. Толстого, д. 6/7 стр. 2, 171389",8 (412) 291-6206,213585
АО «Голубева»,"ст. Заводоуковск, пр. Тихий, д. 807 к. 38, 851173",+7 (529) 387-4328,192356
РАО «Фомичева»,"с. Челюскин, ш. Белорусское, д. 4/8, 372031",+7 722 909 3908,359686
ООО «Котов-Сергеева»,"д. Зеленогорск (Ленин.), наб. Пушкина, д. 34, 582740",+7 (608) 209-95-83,613711
АльфаСтрахование,"с. Норильск, ул. Ключевая, д. 6, 269850",88226699456,732769
Наумова Инкорпорэйтед,"п. Теберда, ул. Энергетиков, д. 75 к. 92, 316079",88853506352,505901
Лыткина Инкорпорэйтед,"г. Хасавюрт, пер. 60 лет СССР, д. 7/1 стр. 982, 777366",+78895657804,495083
ЗАО «Николаев-Зуева»,"п. Макаров, бул. Энергетический, д. 93, 294345",+7 (502) 467-85-74,588920
Суханова и партнеры,"клх Камень-на-Оби, бул. Кузнецова, д. 6, 095134",8 (984) 946-14-53,909405
"ОАО «Котова, Осипова и Александров»","к. Радужный, бул. Юбилейный, д. 2 стр. 960, 536214",8 559 548 03 89,912574
"ЗАО «Крылов, Соколова и Архипова»","д. Шелагонцы, ул. Радужная, д. 46 к. 441, 999955",8 181 094 5875,776572
НПО «Гордеев Федосеева»,"ст. Макаров, бул. Космодемьянской, д. 715 к. 50, 826879",8 588 783 6108,435687
Петров Инк,"клх Чехов, бул. Вокзальный, д. 6/3 к. 103, 558966",8 (000) 337-0513,520210
Исаева Лимитед,"д. Ачинск, наб. М.Горького, д. 2/8 стр. 109, 554521",87608561541,725501
Панова Инкорпорэйтед,"г. Сочи, наб. Павлова, д. 219, 398543",84408072902,665470
РАО «Григорьев»,"п. Благовещенск (Амур.), пр. Дорожный, д. 463, 135675",8 (731) 285-1894,935142
"РАО «Ермаков, Логинова и Зыкова»","д. Суздаль, наб. Машиностроителей, д. 7/7, 066063",+7 174 515 9194,294325
НПО «Федорова-Филатова»,"к. Серафимович, бул. Революционный, д. 5/8, 761616",8 543 773 47 71,763213
"ЗАО «Анисимов, Попова и Морозова»","с. Златоуст, наб. Дружба, д. 9/7 к. 5, 697146",+7 (880) 370-29-08,508275
ООО «Кузьмин»,"д. Кяхта, ул. Песочная, д. 625, 109110",+7 (988) 187-30-97,167463
ЗАО «Гаврилов Данилова»,"с. Шенкурск, пер. Энергетиков, д. 89, 255972",8 (803) 003-04-57,981350
Гурьева Лимитед,"г. Старая Русса, ш. Кленовое, д. 43 стр. 238, 121254",+7 (377) 536-94-04,581614
НПО «Щербаков»,"к. Нефедова, пер. Сосновый, д. 3, 143499",8 (872) 020-37-08,723314
"ЗАО «Зуев, Белякова и Комиссарова»","клх Новочеркасск, ул. Терешковой, д. 1/9 к. 300, 103605",+7 439 103 1255,368914
Филиппова Инкорпорэйтед,"г. Таштагол, пр. Детский, д. 5/3 стр. 76, 949894",+7 (983) 431-03-88,529530
ОАО «Муравьева»,"к. Печора, ш. Кузнецова, д. 470 к. 52, 731412",80645943894,394154
Мазда Соллерс Мануфэкчуринг Рус,"с. Оха, пер. Советов, д. 9 к. 2/8, 571276",+73767837337,838658
"ЗАО «Доронина, Кабанова и Дроздов»","к. Алдан, наб. Минская, д. 59 к. 381, 384230",+7 025 058 98 09,347000
"ИП «Фадеева, Зуев и Селезнева»","с. Каргополь, алл. Циолковского, д. 957, 178921",8 (251) 216-07-93,175878
ООО «Кабанова Жданов»,"д. Алексин, пер. Волжский, д. 879, 414837",8 054 931 9772,666314
РАО «Родионов Белозеров»,"г. Нижний Тагил, наб. Донская, д. 5/2, 072521",8 (155) 594-0541,321828
НПО «Гуляев»,"клх Тарко-Сале, ш. Кавказское, д. 9, 373637",+7 (711) 252-9778,187966
РАО «Денисова»,"с. Вязьма, ул. Куйбышева, д. 33 стр. 3/3, 224583",+7 (468) 157-63-61,750445
ОАО «Боброва-Гусев»,"д. Токма, алл. Толстого, д. 2/1, 824655",8 825 901 4141,907077
Лыткин Лимитед,"г. Далматово, алл. Ворошилова, д. 9, 768959",8 753 939 31 52,386651
Копылова Лимитед,"с. Сусуман, алл. Локомотивная, д. 1/5 к. 8/8, 623665",85017849562,831642
Краснодарзернопродукт-Экспо,"д. Кырен, пр. Вольный, д. 3 стр. 1/5, 744598",+7 (511) 330-23-69,522815
Сазонова Групп,"клх Нарьян-Мар, бул. Гвардейский, д. 7/6, 219731",+7 (386) 867-04-69,216730
"АО «Лазарев, Павлова и Лыткина»","с. Лысьва, ш. Орловское, д. 8/2, 057508",+7 493 988 10 29,774868
Нефтетранссервис,"д. Ногинск (Моск.), пер. Маяковского, д. 2/7 к. 5, 472836",8 (743) 012-33-10,197987
ОАО «Фомичева»,"с. Нижнекамск, бул. Приозерный, д. 253 к. 9, 437295",+73456955646,207577
АО «Виноградов»,"к. Мураши, пер. Логовой, д. 713 стр. 858, 154830",+7 (378) 634-91-18,195372
"НПО «Кулакова, Белоусов и Захарова»","с. Архыз, наб. Громова, д. 1 к. 5, 397901",8 (651) 895-37-55,310655
ОАО «Гордеева Исаева»,"г. Певек, пер. Ясный, д. 286, 719533",8 (063) 043-58-66,909631
Карелия Палп,"д. Бронницы, наб. Гражданская, д. 76 стр. 40, 633622",+7 (874) 173-29-95,169133
РАО «Дроздов Алексеева»,"п. Саратов, бул. Шмидта, д. 7 к. 220, 293424",86724233728,468988
Логинова Групп,"д. Белорецк, пр. Республиканский, д. 445, 393478",+7 (956) 920-9473,565155
КРКА Фарма (KRKA),"ст. Волгодонск, ш. Гагарина, д. 3, 177348",+7 071 290 97 43,568158
Лукина Групп,"к. Кулунда, ул. Ручейная, д. 115 к. 3/9, 509630",+7 (548) 998-7838,891360
Баранова Инкорпорэйтед,"клх Муром, ул. Шмидта, д. 81 стр. 4, 006612",8 488 713 5448,103064
НПО «Бирюков»,"п. Шали, бул. Ленина, д. 50, 852671",82161225123,757076
Исакова Инк,"ст. Кулунда, наб. Волгоградская, д. 797 к. 1/9, 441122",+7 937 079 33 35,544910
Зайцев Инкорпорэйтед,"клх Ирбит, бул. Правды, д. 160, 289430",8 (033) 127-37-85,806009
АО «Пестова»,"п. Усть-Илимск, наб. Песчаная, д. 3/9, 840875",+7 (184) 484-9821,694815
ИП «Макаров»,"д. Оха, ш. Блюхера, д. 97, 006663",84222836692,982918
ООО «Лазарев»,"ст. Тавда, пр. Портовый, д. 18, 214156",+7 (011) 653-26-77,571339
Группа ЛСР,"ст. Арсеньев, ш. Овражное, д. 2, 370917",8 (686) 146-97-42,662193
Корпорация Гринн,"п. Шатой, ул. Специалистов, д. 3/5 стр. 8/3, 100154",+7 199 054 2155,895607
АО «Орлов Власов»,"г. Эльтон, наб. Березовая, д. 19, 926653",+7 515 517 57 94,714891
"РАО «Филиппова, Носов и Быкова»","д. Карабудахкент, бул. Карбышева, д. 23, 257423",8 345 518 36 03,985456
Дементьева Лтд,"г. Таганрог, бул. Майский, д. 48, 383695",+7 (117) 168-0071,261394
ЗАО «Петухова Носков»,"д. Нарьян-Мар, пр. Торговый, д. 5 стр. 126, 172854",8 (749) 882-40-48,150196
НПО «Блинов Голубева»,"с. Губкинский, ш. Крестьянское, д. 6 стр. 902, 691819",+75235588909,197287
ОАО «Носова Селезнева»,"с. Сыктывкар, бул. Краснознаменный, д. 8/7 к. 36, 897549",8 (611) 558-61-08,961808
"РАО «Федорова, Михайлов и Белозерова»","к. Дивногорск, ул. Ульяновская, д. 9/8 к. 5, 957262",+7 104 096 5582,878998
ООО «Абрамова»,"г. Курск, ул. Степная, д. 572 к. 1, 964609",+7 (067) 383-4846,486606
ЗАО «Щербакова-Козлова»,"п. Обнинск, бул. Труда, д. 3/5, 576270",8 (526) 857-72-66,879006
"ОАО «Константинова, Исаков и Дорофеев»","г. Миллерово, пр. Станционный, д. 20, 883184",+7 958 619 43 40,562157
АО «Кудряшов Артемьев»,"д. Луга, ш. Луговое, д. 9/5 стр. 60, 027470",+7 460 482 3117,818669
ООО «Капустин»,"с. Хасан, бул. Водопроводный, д. 44 стр. 3, 960371",81532086805,574650
ООО «Соболев-Жуков»,"п. Азов (Рост.), пр. Приозерный, д. 3/8, 568978",+7 (908) 111-4774,195261
Стрелков Инк,"ст. Ханты-Мансийск, пер. Кирова, д. 4/8 к. 2/8, 299304",+76867870974,236475
АО «Пономарева-Суворова»,"клх Кемерово, бул. Слободской, д. 4/3, 655462",89678414048,404234
Панова Групп,"клх Щелково, пер. Безымянный, д. 65 к. 569, 780730",8 (428) 456-8417,202263
НПО «Евдокимова-Дмитриева»,"ст. Чегем, ул. Полтавская, д. 7/2 к. 833, 686946",+7 (468) 469-80-36,339228
РАО «Лыткин-Крылов»,"ст. Лодейное Поле, ул. Энергетическая, д. 142 стр. 6, 409242",+7 251 366 7841,185947
ООО «Соколов»,"к. Ростов-на-Дону, наб. Кузнецова, д. 2, 101574",+7 668 396 15 86,126389
ЗАО «Кириллов Вишнякова»,"ст. Новороссийск, ул. Механическая, д. 49 к. 1, 942842",8 403 548 5274,902860
МУМТ (BAT),"с. Зеленогорск (Ленин.), пер. Запорожский, д. 832 к. 45, 558995",+7 961 349 7176,840593
Астеллас Фарма,"клх Новороссийск, ул. Щорса, д. 3/2 к. 47, 799880",81267611627,450218
НИПИ НГ Петон,"п. Новый Уренгой, бул. Транспортный, д. 292 к. 98, 329083",8 922 362 8156,651576
АО «Беляков»,"д. Красноселькуп, бул. Светлый, д. 67 стр. 4, 842648",+7 440 860 36 53,922430
ИП «Селиверстова-Гуляев»,"д. Юрьевец (Иван.), бул. Донской, д. 5/2, 983602",+7 336 341 6444,813371
Муравьев Лтд,"с. Карпинск, ул. Центральная, д. 9 стр. 436, 022993",+7 (057) 346-72-78,663561
"ООО «Авдеев, Казакова и Антонов»","с. Александровск, ш. Ярославское, д. 1 к. 90, 014605",8 (146) 235-80-82,146366
ООО «Третьякова»,"к. Щельяюр, бул. Весенний, д. 56 стр. 49, 855956",89340060554,408875
Сысоев и партнеры,"п. Камень-на-Оби, ш. Придорожное, д. 705 к. 1, 004387",8 215 061 64 37,483493
РАО «Белоусова-Юдина»,"клх Белогорск (Амур.), пр. Терешковой, д. 35 стр. 984, 570127",+7 190 776 0499,678224
НПО «Фадеева»,"к. Стрежевой, бул. Л.Толстого, д. 1 к. 401, 221461",+7 (789) 905-1728,960483
Волков Инк,"п. Данков, ш. Поселковое, д. 75, 656270",+75996757992,474324
Сысоева и партнеры,"д. Ростов-на-Дону, пер. Крестьянский, д. 1 стр. 14, 768574",+7 601 365 78 88,756519
ООО «Алексеев Андреева»,"клх Елец, наб. Седова, д. 99 стр. 7, 637606",8 (812) 482-75-30,198746
АО «Молчанова»,"д. Лабытнанги, алл. Куйбышева, д. 7/7, 275443",+7 270 167 2143,875655
Старттех,"г. Змеиногорск, ул. Нижняя, д. 1 стр. 20, 931752",8 (009) 201-85-73,419737
РАО «Селиверстова-Михеев»,"д. Челябинск, пр. Чехова, д. 78, 327360",+75116081423,590581
Киселева Инк,"к. Бологое, пр. Курский, д. 3 стр. 9/7, 919346",+7 603 452 3203,564258
"ИП «Дорофеев, Федотов и Панова»","с. Буденновск, ш. Курское, д. 283 к. 67, 375680",+75225906460,861545
РАО «Коновалова-Егорова»,"г. Рязань, бул. Коммунистический, д. 62 к. 13, 421535",+75420501591,981972
Игнатьев Инк,"к. Кяхта, ул. Рязанская, д. 7 к. 56, 276665",8 (177) 100-71-21,855606
"ОАО «Лапина, Исакова и Лыткин»","клх Тура, ш. Тукая, д. 4/6, 236747",+7 532 558 71 42,536940
Сафонов Лтд,"д. Ульяновск, пер. Ярославский, д. 71 стр. 4, 634244",8 (348) 794-37-26,148357
Уральские локомотивы,"п. Кирово-Чепецк, пер. Высоцкого, д. 99 стр. 2, 577774",85638461982,313952
АО «Боброва-Родионов»,"с. Челюскин, ул. Чайковского, д. 6/4, 858159",+7 (804) 923-06-66,937059
АО «Емельянов»,"ст. Белый Яр (Томск.), пр. Тихий, д. 84 к. 1, 675917",8 165 053 8050,638707
"ИП «Котов, Михайлов и Иванов»","клх Ербогачен, наб. Лазурная, д. 2/4 к. 4, 976607",8 239 466 6727,890266
Авилон АГ,"д. Борзя, наб. Социалистическая, д. 88 стр. 5/8, 794551",+7 (580) 154-74-26,972846
Князева Групп,"д. Усинск, ш. 60 лет СССР, д. 7/3, 179916",8 (352) 341-9343,588519
Щукина Инкорпорэйтед,"клх Шадринск, ул. Семашко, д. 643 к. 3/3, 095190",8 028 752 09 62,255108
НПО «Рожков Сысоев»,"г. Псебай, ул. Казачья, д. 7/2 к. 7, 506436",8 (409) 433-3500,379521
Стройтранснефтегаз,"п. Юровск, ш. Производственное, д. 1 стр. 4/7, 269049",+7 (831) 132-81-44,424792
ЗАО «Исаев Силин»,"г. Сибай, ул. Олега Кошевого, д. 883, 929190",+7 402 867 7328,839579
НПО «Дементьев Константинова»,"с. Тикси, пер. Халтурина, д. 738 стр. 94, 198871",84967068745,450621
ОАО «Гришин»,"с. Дербент, ул. Кооперативная, д. 8/1 стр. 2, 131485",8 930 546 7365,294699
Армтек,"г. Тимашевск, бул. Физкультурный, д. 67 стр. 147, 320323",+7 106 473 43 61,307495
"АО «Кириллов, Селезнев и Беляков»","с. Каменномостский, пр. Коммунальный, д. 31, 923325",8 (410) 434-8562,859502
ОАО «Беспалова»,"ст. Камышин, алл. Звездная, д. 620 стр. 4/7, 327064",8 (626) 564-7107,866930
ООО «Моисеев-Тихонова»,"г. Назрань, ш. Красных Партизан, д. 99 к. 1/6, 037276",8 445 589 58 84,907111
АО «Сорокин-Белозерова»,"ст. Ангарск, ул. Сосновая, д. 358 стр. 5, 300130",8 (945) 052-3997,528891
Мартынов Групп,"клх Кижи, ш. Вольное, д. 90 к. 14, 746279",8 (372) 899-0154,408672
"ЗАО «Щербакова, Зиновьева и Андреев»","с. Пушкинские Горы, алл. Р.Люксембург, д. 7, 055457",87132098474,844140
РАО «Никонова»,"г. Сорочинск, наб. Клары Цеткин, д. 211 к. 5/4, 030425",+7 215 386 2044,281972
"ЗАО «Шарова, Крылова и Сафонов»","г. Серов, наб. Стадионная, д. 7, 627319",8 286 012 81 60,315379
Силин Инк,"клх Верхний Уфалей, пер. Кооперативный, д. 3 к. 5, 024625",8 (044) 764-1883,742196
АО «Кулакова Белов»,"г. Буденновск, пр. Новоселов, д. 7 к. 9/2, 356991",8 (135) 528-9804,675155
Тетерина и партнеры,"клх Кежма, бул. Волочаевский, д. 1 стр. 7, 657907",8 029 016 87 96,409481
Буров Инкорпорэйтед,"п. Кисловодск, бул. Спартака, д. 96, 412776",+7 086 064 23 35,449659
ЗАО «Рябов-Овчинников»,"д. Орел, бул. Черняховского, д. 53 стр. 690, 136311",84527926070,230542
Ман Трак Энд Бас Рус (Volkswagen),"клх Ачхой Мартан, бул. Технический, д. 8 к. 225, 085481",+72798031810,613343
Суворов Лимитед,"г. Ангарск, наб. Ермака, д. 9/9 к. 5, 881092",8 (621) 456-03-26,936698
"АО «Потапова, Панфилов и Кондратьев»","с. Кашира, ул. Космодемьянской, д. 7 к. 287, 294572",8 254 253 1420,344354
Ренессанс Кредит,"к. Александров Гай, наб. Детская, д. 90 к. 74, 160920",8 238 887 6189,885711
НПО «Филиппова Пестов»,"г. Котельнич, наб. Западная, д. 49, 030669",8 910 014 61 33,923553
РАО «Пестова-Устинов»,"клх Октябрьское (Хант.), пр. Ульянова, д. 437, 053275",+7 (457) 373-0191,282659
ООО «Лукин Денисов»,"клх Карачаевск, ул. Циолковского, д. 2 стр. 458, 641210",+7 (089) 096-6234,309737
ЗАО «Лихачев-Мельникова»,"с. Кабанск, ул. Московская, д. 31 стр. 6/4, 359078",+71182743076,836798
"ОАО «Беляков, Зимина и Сазонов»","г. Армавир, алл. Белорусская, д. 541 стр. 205, 968987",+7 (206) 937-58-71,200976
"АО «Михеева, Куликов и Константинов»","г. Плес, пр. Минский, д. 8, 530755",+7 (979) 668-40-57,832486
"РАО «Одинцова, Лобанова и Киселев»","г. Мценск, ш. Юбилейное, д. 71 стр. 85, 777722",8 048 190 89 63,329509
Артис-Агро Экспорт,"с. Балашов, пр. Крымский, д. 2 к. 39, 464424",8 004 236 25 83,319244
ИП «Фомичева»,"к. Зеленогорск (Ленин.), наб. Сплавная, д. 7/4 к. 1/8, 388369",8 (813) 551-45-11,731115
НПО «Смирнова Сафонова»,"д. Россошь, бул. Ягодный, д. 4, 168261",82488014386,160741
Ефимова Инк,"к. Урус-Мартан, бул. Культуры, д. 8, 816559",+7 239 435 0149,211410
ИП «Агафонова-Ларионов»,"д. Аша, ш. Лунное, д. 272, 441807",+77977937872,890526
Ман Трак Энд Бас Рус (Volkswagen),"к. Воткинск, наб. Партизанская, д. 759 стр. 3, 171280",85202179016,653035
ЗАО «Субботин-Блохин»,"с. Соль-Илецк, пр. Курчатова, д. 181, 857187",+7 525 403 49 12,860302
РАО «Щербакова»,"к. Ульяновск, алл. Белорусская, д. 816, 711364",81918374900,103913
ЗАО «Овчинников»,"клх Глазов, пр. Шоссейный, д. 8/7 стр. 469, 681943",+7 140 053 0759,654504
"РАО «Власов, Прохорова и Шашкова»","ст. Камень-на-Оби, алл. Монтажников, д. 685 к. 8, 529560",88188475222,672851
"ОАО «Дорофеева, Николаев и Князева»","ст. Байкальск, алл. Тепличная, д. 3 стр. 242, 957825",8 (953) 697-40-11,971102
Карелия Палп,"г. Барнаул, пер. Шоссейный, д. 7/8 стр. 3/9, 961798",+7 435 221 36 66,985344
АО «Крылова Красильников»,"д. Батайск, пер. Стадионный, д. 288, 946169",8 (578) 851-9329,954630
АО «Брагин-Копылова»,"с. Новочеркасск, пер. Восьмого Марта, д. 697, 610804",8 (903) 927-3830,514315
"ОАО «Игнатьев, Лаврентьева и Ларионов»","г. Кашира, алл. Тюленина, д. 6 к. 8/9, 520206",+7 121 981 20 91,121511
"РАО «Дмитриев, Назаров и Кошелев»","п. Чикола, пр. Красноярский, д. 4 к. 8/3, 964079",8 (040) 477-7204,612996
"АО «Сысоев, Беляев и Пахомов»","с. Юрюзань, наб. Толбухина, д. 985 стр. 6/6, 533864",8 493 180 8917,798215
АО «Панов-Гуляев»,"п. Златоуст, алл. Моховая, д. 13, 678181",8 084 622 54 30,226785
РАО «Киселев-Артемьева»,"г. Адлер, пер. Просвещения, д. 489 к. 686, 838431",80543294616,351261
ЗАО «Иванов Титов»,"п. Лотошино, ул. Шоссейная, д. 2 стр. 518, 054898",8 528 458 2898,123728
РАО «Романов-Анисимова»,"клх Агинское (Забайк.), пр. Курчатова, д. 18 к. 6, 920875",+7 (733) 081-61-20,356110
Одинцов Лимитед,"клх Дагомыс, ул. Пионерская, д. 7/8 к. 9, 945357",+7 396 406 69 84,190402
АО «Копылов»,"клх Подольск, алл. Колхозная, д. 9, 175922",+72176335922,930425
Транстрейдойл,"д. Избербаш, бул. Блюхера, д. 2/1 к. 8/3, 756550",+7 646 080 2848,674997
Киселева Инкорпорэйтед,"п. Кизилюрт, ш. Репина, д. 5 к. 158, 828516",8 458 840 4771,711312
Карпова Лимитед,"п. Рославль, ул. Марта 8, д. 2 стр. 46, 486372",8 (259) 372-04-81,107899
"ЗАО «Шестаков, Кудряшова и Осипов»","к. Кулунда, ш. Восьмого Марта, д. 8 к. 5/5, 505455",+7 694 350 4229,405385
РАО «Овчинников Бобылева»,"с. Ершов, ш. Л.Толстого, д. 702, 794691",+76703820102,348987
ОАО «Громова Сидоров»,"клх Ульяновск, наб. Широкая, д. 4 к. 677, 457213",8 200 832 80 00,357995
АО «Емельянова-Лихачев»,"ст. Чермоз, ул. Восточная, д. 850, 071546",+7 (048) 528-0877,219787
АО «Фомичев»,"ст. Нязепетровск, пер. Карьерный, д. 7 стр. 686, 917826",+7 376 105 53 89,247627
РАО «Лазарева Красильников»,"к. Поронайск, бул. Звездный, д. 46 к. 88, 179888",+7 355 836 48 53,582785
ОМК,"с. Сочи, наб. Коллективная, д. 1/1 к. 3, 063624",8 (959) 650-75-47,386895
НПО «Мухина»,"с. Урус-Мартан, наб. Иванова, д. 681 стр. 62, 458749",8 948 377 8235,202421
ИП «Щукин Самойлова»,"г. Чусовой, пер. Специалистов, д. 1/9 стр. 4/7, 761852",8 186 054 9296,145671
Старттех,"к. Калевала, бул. Овражный, д. 1, 860832",+7 635 335 7528,308747
НПО «Денисова»,"к. Коломна, ул. Щорса, д. 885, 549355",+78754385466,298331
НПО «Виноградов»,"п. Баксан, ш. 60 лет СССР, д. 3 стр. 9, 696243",+78802258567,973460
ООО «Русаков Савина»,"д. Троицко-Печорск, бул. Дачный, д. 828 стр. 452, 582351",+7 (222) 824-9978,872958
ИП «Воронова»,"к. Терскол, алл. Куйбышева, д. 7/3 стр. 7, 295051",8 003 253 13 04,573286
Кузбасская топливная компания,"с. Пушкинские Горы, алл. Кольцевая, д. 85, 676978",85491541236,713028
Импэкснефтехим,"п. Камень-на-Оби, пер. Базарный, д. 541 к. 33, 640799",8 872 010 04 35,333725
"ОАО «Хохлова, Ефремов и Горшкова»","г. Екатеринбург, наб. Каштановая, д. 47 к. 3/9, 678867",+79128562444,660823
Щукин Инк,"г. Архыз, бул. Стахановский, д. 3 стр. 7/1, 537979",+79745192594,635860
"НПО «Ларионов, Гуляева и Лыткин»","к. Медногорск, бул. Краснодарский, д. 39 стр. 90, 248013",8 892 409 05 71,611199
"РАО «Горбачев, Ковалев и Носков»","к. Билибино, ш. Нижнее, д. 4/2 стр. 90, 847911",+7 502 622 2361,185415
Селезнева Групп,"д. Алапаевск, алл. Северная, д. 9/8 стр. 1, 197165",8 339 029 23 20,955253
"РАО «Тетерина, Коновалова и Филиппова»","г. Гудермес, наб. Ореховая, д. 981 к. 291, 378766",8 (992) 863-07-46,815133
ООО «Матвеев»,"ст. Алексин, бул. Первомайский, д. 118 к. 609, 909403",89811483263,913481
РАО «Сорокина-Меркушев»,"клх Суздаль, пр. Студенческий, д. 144, 905636",+78271725652,157847
Беляков и партнеры,"к. Минеральные Воды, алл. Калужская, д. 2 стр. 682, 364558",+7 567 436 9403,505846
ИП «Федосеева Орехова»,"д. Тихорецк, наб. Пролетарская, д. 9/8 к. 4/2, 971632",+7 (828) 895-0209,109290
РАО «Устинова-Лапина»,"п. Истра, ш. Кольцова, д. 6 к. 2/8, 065544",+7 684 604 2996,740277
Главное управление обустройства войск (ГУОВ),"д. Волоколамск, пр. Зеленый, д. 40 стр. 1, 062066",8 622 393 66 29,148963
Ман Трак Энд Бас Рус (Volkswagen),"п. Чайковский, пр. Восточный, д. 5/5 стр. 7, 830542",+7 (463) 114-8458,680486
"ОАО «Сергеев, Родионов и Белякова»","с. Териберка, алл. Гончарова, д. 496, 395027",8 367 091 89 17,347343
Ширяева Лтд,"к. Черкесск, пр. Депутатский, д. 2/9 стр. 34, 396272",+7 (891) 105-8403,911644
Хохлов Инкорпорэйтед,"д. Зарайск, алл. Гастелло, д. 3/6 стр. 5/5, 030361",+7 709 262 1430,168920
Ситников и партнеры,"к. Завьялиха, ул. Широкая, д. 2 стр. 786, 374465",+7 968 918 0356,804009
ИП «Гордеев»,"п. Казань, пр. Кошевого, д. 1/1 к. 18, 494248",+79700408806,397595
ООО «Доронина-Зиновьев»,"п. Таганрог, алл. Майская, д. 15 к. 24, 647880",+7 (004) 281-07-54,647924
ЗАО «Гаврилов-Ковалев»,"д. Каменск-Уральский, бул. Профсоюзный, д. 8/7, 720827",86516233696,827122
Новиков Групп,"д. Эльтон, пер. Трактовый, д. 5/9 к. 6/1, 307888",89351978960,967254
Нестле Россия (Nestle),"к. Сыктывкар, бул. Кирова, д. 6/2 стр. 410, 255229",+72293080329,509670
Носова Инкорпорэйтед,"ст. Усть-Ордынский, алл. Новая, д. 25, 182992",8 850 620 72 31,478771
ОАО «Воробьева»,"д. Добрянка, пер. Автомобилистов, д. 77, 082711",+7 458 053 41 10,496093
РАО «Лебедев Исакова»,"клх Егорьевск, ул. Шмидта, д. 3/3, 444064",+7 (200) 025-6350,475273
НПО «Рябов-Кириллов»,"г. Черемхово, наб. Коллективная, д. 419, 825174",+7 773 592 51 15,782767
АО «Миронов-Моисеев»,"п. Старая Русса, ш. Тракторное, д. 511, 859884",+7 405 793 81 57,519745
РАО «Устинова-Лыткина»,"с. Ербогачен, бул. Гончарова, д. 992 стр. 8/5, 264456",+79761957393,431543
"ЗАО «Артемьева, Кулагина и Баранова»","г. Нижний Новгород, ул. Энергетическая, д. 9, 650462",8 276 638 8031,306838
НПО «Голубева-Горбачева»,"п. Джейрах, бул. Заречный, д. 620 стр. 730, 771979",+7 (415) 096-09-01,684543
"АО «Мясникова, Борисова и Фокина»","клх Волоколамск, ш. Магистральное, д. 81 стр. 3, 048415",8 420 677 1963,621603
ЗАО «Дементьев»,"к. Смирных, наб. Весенняя, д. 3/6 стр. 9, 429263",8 (784) 835-52-69,292849
Сиско Солюшенз (Cisco),"п. Благовещенск (Амур.), ш. Красное, д. 73, 426925",8 807 804 4859,325808
Давыдов и партнеры,"клх Златоуст, ул. Минская, д. 707 к. 60, 041806",8 (299) 205-41-02,718684
ОАО «Лыткина»,"ст. Пинега, пр. М.Горького, д. 777, 443325",8 (323) 295-81-35,354553
Афанасьев Лтд,"д. Шатой, пр. Таежный, д. 4 к. 5/7, 115084",8 276 692 53 14,755309
ООО «Гущина Лебедева»,"ст. Соль-Илецк, ш. Уральское, д. 9 к. 64, 384093",+7 638 346 75 65,940227
"ЗАО «Гаврилов, Гришин и Савин»","п. Тырныауз, бул. Гоголя, д. 3 к. 2/4, 580838",+7 (266) 152-6083,386111
СУЭК,"п. Лазаревское, алл. Черняховского, д. 611 стр. 1, 763842",84236049176,829603
Лента,"с. Щельяюр, пр. Авиационный, д. 332 стр. 46, 173829",8 (452) 708-35-48,478124
РАО «Агафонов Марков»,"д. Внуково (метеост.), алл. Чернышевского, д. 51 стр. 3, 901981",8 (912) 810-6502,825244
"ЗАО «Бобров, Суханова и Селезнев»","клх Химки, пер. Есенина, д. 2 к. 2, 355021",8 (939) 873-84-34,594699
ООО «Петров-Аксенов»,"д. Волоколамск, бул. Урицкого, д. 35 стр. 9/9, 349257",+7 (180) 337-55-17,706645
"ОАО «Сысоев, Горбунова и Орехов»","г. Аршан (Бурят.), ш. Огородное, д. 293 стр. 8/4, 643417",+7 (079) 391-3334,866298
ИП «Котов Федосеев»,"п. Уэлен, бул. Степной, д. 392 к. 6, 553858",8 (680) 564-85-56,811904
Дроздов и партнеры,"г. Киржач, наб. Фестивальная, д. 9 стр. 6, 031496",+7 (353) 825-32-92,983334
ОАО «Зиновьева Сысоева»,"ст. Тула, бул. Азовский, д. 89, 559603",8 (758) 508-0504,440567
"ИП «Комиссаров, Одинцов и Зимин»","г. Верещагино (Перм.), бул. Элеваторный, д. 8/4 стр. 46, 658925",8 956 883 0239,718028
Дьячков и партнеры,"к. Суздаль, наб. Дальневосточная, д. 394, 908485",+7 (813) 315-16-56,722525
"РАО «Рыбакова, Дементьева и Владимиров»","г. Поронайск, пер. Алтайский, д. 17 стр. 202, 496339",8 (841) 764-62-24,350139
ОАО «Лебедев Селиверстова»,"д. Терскол, наб. Кедровая, д. 579, 914409",8 171 140 0988,173563
НПО «Исакова Карпов»,"д. Белорецк, пер. Шоссейный, д. 966 стр. 130, 264278",+7 (374) 650-53-03,920020
Сингента (Chemchina),"г. Бийск, алл. Авиационная, д. 7/1 к. 5, 087310",+7 (312) 183-1419,698418
Аксенова Групп,"п. Тихвин, пр. Урожайный, д. 967, 572028",+7 017 277 5600,920145
Власов Лимитед,"д. Ейск, ул. Черемуховая, д. 9 к. 5, 131769",+7 897 068 63 88,383236
"ИП «Щербаков, Овчинникова и Соколов»","к. Вилюйск, бул. Гаражный, д. 79 к. 5/5, 869221",+7 808 071 81 65,751107
ООО «Самсонов»,"п. Томпа, пр. Челюскинцев, д. 482 стр. 119, 623827",+7 (277) 233-5880,877276
Бирюкова Лимитед,"клх Тосно, ш. Буденного, д. 79 к. 3/5, 902582",8 677 260 4796,220737
Монетка,"п. Сургут (Хант.), бул. Орджоникидзе, д. 7/4, 899060",8 564 774 3437,821247
ЗАО «Лаврентьева-Блинов»,"с. Луховицы, наб. Логовая, д. 9/1 к. 9, 467223",8 (085) 198-9885,865145
РАО «Казакова-Вишнякова»,"ст. Дмитров, пр. Луначарского, д. 4/1 стр. 954, 588142",+7 (233) 807-96-52,948336
"НПО «Устинова, Зайцев и Калашникова»","д. Аша, ул. Коммунальная, д. 122, 539123",8 328 823 37 91,787502
ЗАО «Терентьев»,"ст. Уссурийск, пр. Энтузиастов, д. 85 к. 9, 392842",+7 864 149 08 15,906532
АО «Лукина-Суворова»,"клх Нефтегорск (Самар.), пр. Стадионный, д. 8 к. 6, 645528",+7 337 756 3551,939343
ООО «Михеев»,"к. Истра, ш. Кирпичное, д. 4/4 к. 546, 302432",8 (551) 876-53-26,780440
ЗАО «Марков Емельянов»,"д. Псков, пр. Журавлева, д. 71 к. 360, 819133",+7 730 983 9741,699242
Р-Фарм,"п. Кижи, пер. Орджоникидзе, д. 6, 211351",+72783339124,151397
ООО «Горшкова»,"д. Черемхово, наб. Локомотивная, д. 9/5, 009738",+7 (554) 027-41-88,951486
АО «Бобров Савельева»,"клх Воронеж, ул. Механизаторов, д. 3 стр. 822, 560587",8 100 220 41 56,756906
Кондратьева Групп,"г. Зарайск, алл. Баумана, д. 9/9, 761853",84153684365,645798
АО «Ширяева Некрасов»,"ст. Пушкин, пер. Новосельский, д. 8/9 к. 76, 276905",8 (429) 791-48-11,902896
Удмуртнефть,"клх Карпинск, наб. Моховая, д. 40 стр. 80, 898884",8 064 534 17 15,613814
ИП «Васильева»,"ст. Мытищи, ш. Полтавское, д. 52 к. 53, 786427",+7 642 355 49 32,549094
Корнилов Инк,"ст. Невельск, наб. Республиканская, д. 3/4 стр. 92, 316847",+7 (241) 080-34-97,285049
En +,"д. Астрахань, бул. Комарова, д. 268 к. 25, 061207",8 887 401 2158,738143
ИП «Сидоров Андреева»,"к. Боровск, алл. Микрорайон, д. 238 стр. 2, 725500",8 517 661 3119,695298
"РАО «Копылов, Мартынова и Королева»","клх Сергиев Посад, наб. Городская, д. 3/7, 391480",8 464 375 6143,210382
"ИП «Исакова, Коновалова и Белов»","д. Владимир, пр. Курчатова, д. 19, 270460",+7 632 986 4849,829908
АО «Ермаков-Большакова»,"г. Курчатов, пр. 40 лет Победы, д. 212 к. 7, 545333",8 (655) 564-14-85,749356
Бристоль,"к. Шуя, пер. Тепличный, д. 83 к. 67, 647508",8 (375) 232-93-27,622308
АО «Устинова-Савельева»,"д. Амдерма, пр. Правды, д. 7 стр. 33, 050748",80202809508,918470
ОАО «Боброва Козлова»,"ст. Нижнеудинск, наб. Почтовая, д. 5 стр. 241, 953671",85518994301,689230
ТЭК СПБ,"клх Батайск, ш. Крылова, д. 7 к. 121, 606619",+70530317989,760001
НПО «Овчинникова Дорофеев»,"д. Пышма, наб. Плеханова, д. 4/1, 196348",8 (525) 275-1892,329736
Голубев Групп,"к. Кемерово, ш. Брянское, д. 4/6 стр. 51, 506235",8 (962) 922-90-29,800965
АО «Дьячков Журавлев»,"д. Пушкин, пр. Флотский, д. 7/7 стр. 966, 227729",+7 (745) 721-0089,628012
ОАО «Гордеев»,"д. Троицко-Печорск, наб. Шаумяна, д. 4/3 стр. 6, 629943",82252974112,898996
РАО «Зуев-Назарова»,"ст. Сладково, ул. Гайдара, д. 500 к. 3, 688933",88918967765,934747
АО «Мельникова»,"г. Псков, пер. Совхозный, д. 15, 351781",+7 (663) 131-7229,409137
"ООО «Крюкова, Мартынов и Александрова»","д. Жигулевск, ул. Короткая, д. 56 к. 45, 892170",8 614 786 77 87,174245
ООО «Симонов-Лапина»,"клх Когалым, пер. Путевой, д. 218 к. 5, 514131",+7 121 476 02 90,144955
АО «Ширяева Пономарев»,"п. Октябрьский (Башк.), пер. Рыбацкий, д. 3/9, 976391",86526024608,461877
ЗАО «Князева»,"д. Тольятти, бул. Ленинский, д. 2 стр. 1, 200732",8 (686) 604-85-37,336017
"АО «Мельников, Федорова и Пономарев»","с. Чегем, ш. Путейское, д. 8 к. 1, 836850",8 151 841 50 09,716681
ОАО «Лаврентьев»,"п. Кировск (Ленин.), алл. Шишкина, д. 3/5 к. 898, 678694",+7 655 462 30 45,876269
Башкирэнерго,"клх Катайск, пр. Марта 8, д. 9, 569967",+7 (541) 609-16-88,141752
ООО «Зиновьев»,"с. Аршан (Бурят.), ш. Комсомольское, д. 410 стр. 2/8, 870908",+7 (186) 356-0063,702881
ИП «Мясникова»,"д. Владивосток, бул. Коммунальный, д. 254 к. 4/9, 318239",8 125 967 79 01,525472
НПО «Филатов»,"г. Алдан, ул. Куйбышева, д. 42, 271143",+7 513 026 52 97,700678
РАО «Тетерина Котов»,"д. Камышин, бул. Геологов, д. 4/3 стр. 6, 814777",+7 699 246 2061,991311
АО «Рогова-Красильникова»,"с. Красноселькуп, пр. Привокзальный, д. 4, 270506",+7 153 337 1461,549239
НПО «Кузьмина Королева»,"д. Кущевская, пер. Совхозный, д. 30 к. 5, 243603",8 (999) 339-3276,236940
ИП «Архипова Молчанова»,"ст. Клин, пер. Буденного, д. 68 стр. 711, 344579",81299751511,742981
"НПО «Красильникова, Киселев и Ларионов»","г. Домодедово, алл. Максима Горького, д. 8, 440937",+7 (750) 151-78-77,982663
ЗАО «Трофимов»,"ст. Александров, пер. Иркутский, д. 42, 337665",+7 (057) 393-92-86,348368
ОАО «Алексеев Капустин»,"к. Лабытнанги, ул. Донская, д. 26 стр. 18, 010908",+7 310 812 2974,636599
Восточная горнорудная компания,"д. Усть-Ишим, алл. 40 лет Октября, д. 46 стр. 277, 111441",+7 (652) 268-98-83,153787
АО «Архипова»,"п. Горячинск, наб. Каштановая, д. 7 стр. 5, 361333",85399833637,332123
ЗАО «Рогова-Юдина»,"п. Тула, бул. Геологов, д. 96 стр. 81, 014210",+7 037 275 29 07,737542
ООО «Фомичева-Гаврилов»,"п. Барнаул, ул. Вокзальная, д. 9/4 стр. 3, 914176",8 (124) 967-27-78,689680
"ОАО «Владимирова, Дмитриев и Лапина»","к. Оймякон, пр. Специалистов, д. 4/6 стр. 88, 832484",81259260528,602967
РАО «Цветков»,"г. Великий Устюг, пер. Сосновый, д. 48 стр. 879, 365543",82725394459,330276
"АО «Маслов, Осипова и Тетерин»","ст. Котлас, ш. Донское, д. 7/9, 907836",+7 791 616 65 15,362316
МегаФон,"ст. Кимры, алл. Лунная, д. 5/1, 783300",+7 599 997 5741,900598
ОАО «Виноградова Прохоров»,"с. Ноглики, пер. Горняцкий, д. 2/4 стр. 6/3, 659271",8 565 463 6219,330798
НПО «Павлов-Алексеев»,"с. Карабулак, пр. Коммунальный, д. 5 к. 6/3, 936533",8 (892) 257-23-67,935042
"РАО «Абрамов, Блинов и Лукин»","д. Кимры, пер. Энтузиастов, д. 11 стр. 14, 554600",8 (788) 845-9266,778783
"АО «Борисов, Гурьев и Королев»","п. Дубна, ш. Тупиковое, д. 1/1 стр. 2, 922398",+7 (974) 871-24-93,939308
Федотова Групп,"к. Назрань, бул. Партизанский, д. 69, 353299",+73102365782,400511
Промсвязьбанк,"г. Беслан, пр. Интернациональный, д. 678, 385045",+7 346 991 7411,507110
Федотова Инк,"к. Зеленогорск (Ленин.), ш. Санаторное, д. 342, 562619",8 568 195 10 54,631486
НПО «Быков-Сидоров»,"д. Беслан, наб. Коллективная, д. 8/9 стр. 618, 547389",+79192452604,908332
АО «Кузнецова Савельев»,"с. Шамары, пер. Уральский, д. 8, 836253",+75584381730,228217
БелАЗ-24,"г. Сергиев Посад, алл. Серова, д. 726 стр. 9, 285092",+7 (234) 461-34-59,591517
Алкоторг,"клх Гремячинск (Бурят.), ул. Сахалинская, д. 4 стр. 77, 131233",8 423 114 1090,248985
РАО «Борисова Князев»,"с. Курумкан, бул. Украинский, д. 6/6, 056953",+7 124 369 44 95,656954
Петухов и партнеры,"п. Сладково, пер. Маяковского, д. 5/9 к. 7/1, 911770",+7 (343) 086-4484,984597
"ООО «Чернова, Голубева и Колобова»","клх Киренск, бул. Космический, д. 3, 397896",+7 (429) 831-81-44,657134
НПО «Тихонов Лукин»,"клх Моздок, бул. Славянский, д. 6/3, 745665",8 764 739 8776,745661
ЗАО «Колесников»,"ст. Хоста, ш. Запорожское, д. 5, 749402",82014280743,225712
ООО «Белозерова Рыбакова»,"клх Миллерово, ул. Безымянная, д. 197 к. 6/7, 414159",+7 (322) 646-73-83,900843
Симонова Инк,"п. Диксон, пер. Лермонтова, д. 3 к. 9, 503147",+73378668071,180689
АО «Марков Чернова»,"к. Стерлитамак, алл. 8-е Марта, д. 7/1 к. 1, 608735",80921636419,249976
НПО «Осипов Медведева»,"клх Оленегорск (Якут.), бул. Таежный, д. 322 стр. 884, 659988",+78116861050,987796
"АО «Гришина, Лазарева и Кононов»","с. Миасс, пер. Мирный, д. 3/7, 406245",89493168604,661080
РАО «Тихонова Орехова»,"с. Новгород Великий, бул. Березовый, д. 94, 200580",+7 838 289 20 10,963285
Иванова Лтд,"к. Ивдель, ш. Панфилова, д. 1 стр. 3, 312080",+7 029 563 82 00,888491
Группа агропредприятий Ресурс,"ст. Ардон, ш. Бабушкина, д. 8/7 к. 3/6, 159794",8 (782) 752-33-75,372300
АО «Самойлова-Кабанов»,"д. Архыз, пер. Шаумяна, д. 890 стр. 975, 354239",+7 (434) 664-5491,328037
Данилова и партнеры,"клх Шадринск, бул. Рыбацкий, д. 4/6 стр. 912, 618929",+75095411195,383390
ЗАО «Белозеров»,"с. Кунгур, бул. Воронежский, д. 6/3, 211558",8 693 899 8167,792946
Сафонов Лтд,"с. Нерчинск, наб. Заливная, д. 587, 571525",+7 (725) 309-6268,472549
ИП «Макарова»,"с. Яшалта, алл. Октября, д. 827, 250867",+7 138 966 2944,850703
РАО «Селезнев Иванова»,"с. Джейрах, ул. Тургенева, д. 3 к. 9, 246153",+7 145 194 9246,620240
"АО «Маслова, Вишнякова и Данилова»","г. Златоуст, ш. Короленко, д. 368 стр. 4, 376533",+7 476 162 76 47,291154
ООО «Кондратьева»,"д. Куртамыш, пр. Снежный, д. 2/9, 868029",8 (420) 199-8392,241893
ГК Невада (Самбери),"д. Шамары, алл. Степная, д. 672, 494461",8 (945) 112-69-07,738381
"ИП «Носкова, Лазарев и Ларионов»","ст. Североморск, ул. Бабушкина, д. 70 к. 388, 781462",+7 831 378 2231,760632
АО «Антонов»,"ст. Нижний Тагил, бул. Полярный, д. 5, 629081",80828038413,986695
Колобов Групп,"ст. Красноуфимск, ул. Ульяновская, д. 5/3 стр. 7/9, 269211",8 372 603 67 92,312118
Акрон,"ст. Майкоп, ш. Сибирское, д. 71, 531623",+7 (634) 351-3489,599254
ЗАО «Бирюков Ефремов»,"клх Дно, алл. Крупской, д. 7 к. 31, 183555",+7 (801) 918-7866,348146
Игнатова Лимитед,"к. Быково (метеост.), ул. Баумана, д. 113 стр. 41, 458195",8 451 596 0720,613537
Яковлев Инкорпорэйтед,"ст. Калач, пер. Портовый, д. 753, 060600",+7 602 792 45 15,383955
РАО «Ермакова Молчанова»,"к. Волоколамск, пр. Технический, д. 1 к. 517, 447507",89337520211,619913
Трансмашхолдинг,"с. Усмань, ул. Придорожная, д. 6 к. 5/1, 375704",8 616 490 9729,141880
"ИП «Исаева, Орлов и Самойлова»","п. Кинешма, алл. Бабушкина, д. 208 к. 468, 877043",8 327 041 08 55,201551
Кузьмина Групп,"клх Уренгой, ул. Красноармейская, д. 1 к. 5, 580424",8 (024) 452-4836,509702
ОАО «Щербаков Костин»,"п. Снежногорск (Мурм.), пер. Чайкиной, д. 34, 070030",+7 (474) 370-2529,347388
ИП «Захаров»,"с. Чита, ул. Воровского, д. 64 стр. 1/7, 421206",8 127 486 3718,423104
Росжелдорпроект,"ст. Данков, ш. Советское, д. 7 стр. 4/7, 566654",+7 (294) 962-59-85,400539
ИП «Симонов-Дьячкова»,"п. Тавда, пр. Калинина, д. 684, 862484",8 (191) 064-1099,214033
НПО «Тетерина-Фокин»,"д. Белореченск, наб. Вахитова, д. 211 стр. 624, 333675",8 573 693 5405,968317
ООО «Дементьева-Морозова»,"клх Черемхово, алл. Томская, д. 7 к. 9/4, 659805",+7 (995) 569-2366,867002
ЗАО «Ефимова»,"д. Елатьма, бул. Ломоносова, д. 77 стр. 88, 235023",+78336329288,695749
Бургер Рус (Burger King),"с. Ульяновск, наб. Солнечная, д. 9, 184091",85641978819,486583
Полиметалл,"д. Каменск-Уральский, бул. Харьковский, д. 929 стр. 639, 434759",8 (938) 045-8547,332116
"ИП «Фокина, Васильев и Рыбакова»","г. Чулым, алл. Волкова, д. 7/5 стр. 2/6, 646507",86407766322,475830
АО «Русакова»,"с. Ершов, алл. Веселая, д. 6/4 стр. 8, 276550",8 937 989 45 96,771495
Гущина и партнеры,"п. Тверь, пр. Тимирязева, д. 94 к. 392, 811232",+7 (978) 456-1622,908303
"РАО «Носков, Князев и Корнилова»","г. Смирных, алл. Чайкиной, д. 223 стр. 5, 661509",8 871 414 8103,711131
РАО «Жукова Наумова»,"с. Партизанск, алл. Советов, д. 450, 147018",86668808669,919222
ИП «Воробьева-Носов»,"с. Северо-Курильск, наб. Московская, д. 22, 610334",+7 167 049 26 89,155381
ЗАО «Щукин Михеев»,"ст. Асино, алл. Прудная, д. 91 к. 25, 427159",+7 (905) 976-33-09,129328
"НПО «Ширяева, Носков и Лапина»","клх Архыз, ул. Макаренко, д. 2 к. 6, 476542",8 (936) 419-10-54,960149
ИП «Савельев-Суханова»,"с. Щельяюр, ул. Производственная, д. 2 к. 1/7, 070411",8 (469) 540-06-86,498886
"ОАО «Самсонова, Орлова и Авдеева»","п. Волоколамск, алл. Менделеева, д. 135, 076156",8 454 169 5285,531617
ОАО «Герасимова»,"д. Бомнак, пр. Парижской Коммуны, д. 4 к. 20, 746760",+7 (890) 561-2308,364776
"ООО «Константинова, Макарова и Сидоров»","п. Чикола, пер. Инженерный, д. 284, 471652",8 937 719 5823,270486
Беляев и партнеры,"д. Каменномостский, пр. Клары Цеткин, д. 6, 817602",+7 995 126 6454,361052
Зарубежнефть,"п. Гусь-Хрустальный, наб. Лунная, д. 70 стр. 3, 816814",+7 (331) 724-13-72,944337
АО «Беспалов-Харитонов»,"к. Лянтор, пер. Томский, д. 4 к. 641, 549124",8 (304) 348-55-22,905679
АО «Павлова Ефимов»,"с. Кимры, пер. Большевистский, д. 1 к. 7/4, 596676",+7 (963) 731-1863,587380
Белгранкорм-холдинг,"п. Александров Гай, бул. Путевой, д. 9/7 стр. 6, 847682",+77351837813,119388
Белоусов и партнеры,"клх Тарко-Сале, пер. Разина, д. 3/3 стр. 648, 420587",8 (518) 011-39-56,474706
Суворов Лтд,"г. Ясный (Оренб.), ш. Черемушки, д. 3/2 стр. 3, 751300",+78252560339,761069
"ОАО «Петухов, Никонов и Владимиров»","к. Балашов, пер. Песчаный, д. 6 стр. 7, 017683",8 (907) 468-34-76,787697
Курганмашзавод,"п. Усть-Илимск, ш. Тельмана, д. 62 к. 164, 883425",+7 (679) 965-9120,762315
РАО «Лукина Емельянов»,"п. Новый Уренгой, ш. Кленовое, д. 79, 674105",+70572076284,245030
Кириллов Инк,"клх Воскресенск, наб. Коммунистическая, д. 47 стр. 4/1, 344282",+74737061278,432731
ИП «Игнатов»,"д. Самара, пр. Приозерный, д. 3/3 к. 213, 712335",8 (054) 559-7209,469280
Кудряшов Инк,"д. Батайск, ул. 8 Марта, д. 9 стр. 87, 528535",8 (806) 485-88-73,469664
"ООО «Григорьева, Пестова и Давыдова»","п. Фатеж, пр. Смирнова, д. 367 к. 45, 100147",8 (504) 874-63-76,532488
ИП «Щукин Анисимов»,"к. Анадырь, пр. Островского, д. 2, 668820",8 (132) 732-6867,529105
НПО «Дроздов»,"г. Челюскин, ул. Клары Цеткин, д. 9/9 к. 149, 397552",8 412 536 21 96,274462
ОАО «Бирюков»,"г. Агата, пер. Привольный, д. 5 к. 7/1, 910147",+7 442 328 62 30,884528
Владимирова Лтд,"ст. Сеймчан, алл. Запрудная, д. 1/2 стр. 681, 992441",8 (773) 904-7308,727001
"АО «Ефимова, Николаев и Блохина»","д. Магадан, пер. Привольный, д. 8/3 к. 5/1, 624053",+7 (305) 264-9488,468594
РАО «Федотова Казакова»,"д. Вологда, алл. Енисейская, д. 7/4, 560909",+7 338 051 5676,967147
"ИП «Савин, Нестерова и Семенова»","с. Вязьма, пр. Набережный, д. 40, 014305",8 (520) 082-7455,454703
ИП «Федосеева»,"ст. Ишим, ул. Угловая, д. 386 к. 4/1, 074078",+7 (813) 087-23-85,599089
"АО «Родионов, Бирюкова и Шилова»","ст. Волгоград, ш. Таежное, д. 5/6 к. 4, 597587",+7 715 082 5684,198839
АО «Боброва-Уваров»,"с. Клин, пр. Озерный, д. 96 стр. 2, 655345",+7 (945) 465-9268,306320
ООО «Ершова-Логинова»,"п. Лабинск, пер. Промышленный, д. 2/2 к. 2, 313112",+76590027856,212643
ОАО «Абрамов»,"к. Тверь, алл. Покровская, д. 9/5 стр. 7/3, 735362",+7 (279) 556-8184,267002
АО «Козлова-Никифоров»,"клх Туруханск, ш. Ломоносова, д. 1 к. 59, 537044",+7 (003) 295-6793,208855
НПО «Бобров Максимов»,"д. Новый Оскол, ш. Котовского, д. 112 к. 6/7, 272404",8 (973) 251-5923,747013
ИП «Данилов Жукова»,"с. Магнитогорск, ш. Гагарина, д. 21 к. 9, 767634",+7 318 815 11 30,158164
"ОАО «Кулагин, Савельева и Филатов»","д. Славянск-на-Кубани, пр. Проезжий, д. 1 к. 8, 790473",8 468 824 50 18,543561
ООО «Мухина Шубина»,"г. Ноябрьск, пер. Мирный, д. 4/5 стр. 9/3, 973897",+7 822 120 6732,543000
Соколов Лтд,"с. Люберцы, ш. Леонова, д. 158 к. 6, 280490",8 (484) 781-78-02,938337
Гурьева Лимитед,"п. Тольятти, пр. Жданова, д. 575 стр. 2/1, 149727",8 (208) 234-60-34,259788
ЗАО «Сысоева Романова»,"д. Шатура, ш. Володарского, д. 511 к. 94, 368115",8 (064) 601-12-09,647335
ИП «Новикова»,"п. Новороссийка, пер. Попова, д. 391 стр. 3/7, 408924",8 643 080 9815,744279
ИП «Емельянова-Лазарева»,"ст. Орел, наб. Геологическая, д. 9 к. 24, 788889",8 436 565 26 77,658516
Шарапов и партнеры,"к. Каневская, ул. Хвойная, д. 4/3, 519225",+7 037 896 3550,355703
ИП «Шубина Филатова»,"ст. Макушино, ул. Осипенко, д. 2 стр. 6/8, 409582",+7 587 236 5446,412040
НПО «Сорокина Абрамова»,"д. Поронайск, ул. Элеваторная, д. 37 к. 2/7, 306967",+7 (697) 977-35-06,304682
АО «Киселев»,"г. Муром, пер. Строителей, д. 652 стр. 54, 208952",+7 309 100 8538,125219
Якобс Дау Эгбертс Рус (Jacobs Douwe Egberts),"с. Галич, бул. Мичурина, д. 7 стр. 6, 941196",8 (767) 066-3145,183487
Стройтранснефтегаз,"к. Снежинск, ул. Энергетическая, д. 673 стр. 65, 536328",+7 962 943 7251,838048
ООО «Дьячков»,"к. Лагань, бул. Приозерный, д. 52 стр. 531, 730131",8 342 154 72 30,703980
"ЗАО «Лихачева, Потапова и Родионов»","д. Уфа, ул. Восьмого Марта, д. 6 стр. 562, 226459",+79352689867,565115
"ООО «Журавлева, Семенов и Рожкова»","г. Белорецк, бул. Первомайский, д. 71, 333183",+7 702 616 8103,581501
Почта России,"д. Петушки, пер. Лесхозный, д. 7, 992394",+7 (989) 470-40-82,712041
ИП «Суворова-Тарасов»,"п. Вендинга, пер. Московский, д. 3/4 стр. 233, 498138",+7 (804) 433-18-83,935323
ОАО «Горбунова-Журавлев»,"п. Лазаревское, ш. З.Космодемьянской, д. 8/5 стр. 107, 227163",8 (853) 054-5808,952710
"ОАО «Казакова, Романов и Ефимов»","п. Краснотурьинск, пр. Морозова, д. 665 к. 7/5, 360753",+77366694007,215850
ООО «Зиновьев-Григорьева»,"д. Железногорск(Курск.), ш. Ореховое, д. 792, 558104",+7 (870) 414-5755,397511
РАО «Цветков»,"с. Орехово-Зуево, бул. Подгорный, д. 92 к. 8, 308569",+7 (995) 186-2219,211561
Курганмашзавод,"к. Тюмень, алл. Транспортная, д. 6/7, 069656",+73904647732,937986
ОАО «Волкова»,"г. Кисловодск, пер. Орджоникидзе, д. 2/6 стр. 9, 713712",80417738499,964490
ОАО «Белоусова»,"п. Северодвинск, пер. Гагарина, д. 1/8, 392843",+7 610 993 84 61,908594
НПО «Осипов Прохоров»,"к. Петухово, наб. Щорса, д. 50 к. 967, 093373",8 (950) 136-2856,166123
ИП «Николаева Виноградова»,"с. Южно-Курильск, ш. Культуры, д. 32 к. 2/8, 063396",+7 771 123 4710,160841
"АО «Сафонова, Носкова и Мартынова»","клх Йошкар-Ола, наб. Ореховая, д. 5/4, 491311",+7 (747) 939-2880,367754
АО «Котова»,"г. Улан-Удэ, бул. Урицкого, д. 66, 650273",87611502293,455827
"ИП «Крылова, Нестерова и Карпов»","д. Киров (Вятка), наб. Энгельса, д. 761 к. 1, 771867",+7 (860) 223-9933,101785
Мосводоканал,"к. Зарайск, пер. Рабочий, д. 22, 662800",8 625 123 6908,162022
Европа,"к. Батайск, пер. Тамбовский, д. 1/9 стр. 6, 904272",8 851 379 3290,909848
ОАО «Фокина»,"с. Поярково, ш. Смирнова, д. 346 к. 57, 774632",+7 (217) 263-7040,561582
Борисова Групп,"д. Голицыно, алл. Томская, д. 642 стр. 324, 209645",8 876 804 48 29,728580
НПО «Смирнова»,"д. Северо-Курильск, ш. Морозова, д. 529, 531676",8 794 349 8312,802078
ООО «Лазарева-Третьяков»,"г. Мытищи, ул. Народная, д. 3 к. 4/4, 395658",8 (918) 728-4378,321156
АО «Гаврилов Субботина»,"с. Коломна, наб. Строителей, д. 771 к. 14, 080059",8 (470) 302-4954,761796
ИП «Кузнецова-Емельянова»,"д. Балтийск, ш. Авиационное, д. 483 к. 6/6, 113927",+74420830458,569818
АО «Воронцов-Колесников»,"клх Малгобек, ул. Нефтяников, д. 706 к. 7/1, 697689",+7 869 041 0689,766436
АО «Громова-Козлова»,"г. Энгельс, ш. Кошевого, д. 11 стр. 7/3, 315805",86439309872,450636
ООО «Ершова Панфилова»,"п. Апшеронск, наб. Беляева, д. 9, 348625",8 (213) 165-6490,549451
Коновалова Лимитед,"клх Петропавловск-Камчатский, пер. Иванова, д. 604 к. 3/3, 501735",8 (360) 997-51-22,209923
ЗАО «Ларионова-Моисеева»,"п. Шадринск, ш. Волжское, д. 7 к. 94, 675818",8 (924) 521-68-65,376686
"ИП «Капустина, Бирюков и Елисеева»","д. Углич, бул. Кошевого, д. 3/7 к. 68, 296468",+7 859 043 37 30,999101
ЗАО «Сазонова Жданова»,"г. Борзя, бул. Гончарова, д. 16, 332189",8 (624) 356-21-33,897857
РАО «Семенов-Лихачев»,"клх Бавлы, алл. Абрикосовая, д. 74 стр. 4, 133644",8 (924) 171-2332,713395
ЗАО «Ковалева Мамонтов»,"д. Куртамыш, наб. Коммунаров, д. 91 стр. 292, 863155",8 (343) 730-01-71,349500
НПО «Мясников-Пономарев»,"к. Новочеркасск, ул. Шмидта, д. 83 стр. 4, 026866",+7 (270) 536-05-53,520465
РКК Энергия,"ст. Невьянск, ш. Пролетарское, д. 21 стр. 44, 155208",+7 634 729 6393,953146
Транспортная группа FESCO,"к. Кизляр, алл. Восьмого Марта, д. 9/9 стр. 368, 514263",+7 (657) 848-06-10,111136
АО «Гаврилова-Панов»,"с. Вендинга, ш. 8-е Марта, д. 3/4, 538370",+7 (049) 786-2822,802102
УГС,"клх Двинской, пер. Подгорный, д. 1 стр. 8, 338106",+7 (297) 748-2492,936249
ООО «Молчанов Шарапова»,"п. Красноуфимск, пр. Дальний, д. 3/2 к. 4, 568047",+7 969 108 6946,223376
"АО «Трофимов, Пахомова и Савина»","к. Братск, ул. Красноярская, д. 51, 928452",8 045 728 65 71,424689
Фролова Инкорпорэйтед,"д. Углегорск, наб. Совхозная, д. 2 к. 9, 143297",+7 (681) 224-1045,653548
НПО «Кошелев-Меркушева»,"к. Обоянь, бул. Свободы, д. 462, 897317",+7 360 696 07 01,433057
"НПО «Афанасьева, Лихачева и Козлов»","к. Улан-Удэ, пер. Котовского, д. 65, 828122",8 (574) 252-20-74,318682
ОАО «Борисова Вишняков»,"г. Макаров, ул. Северная, д. 1/1, 587004",+74769000027,441024
Белов Лимитед,"д. Джубга, ул. Комарова, д. 91 к. 572, 591802",+7 269 708 3539,464695
АО «Гордеева Зайцев»,"к. Тобольск, наб. Советской Армии, д. 5, 089967",+7 (802) 900-4585,444192
ИП «Пестов-Стрелков»,"к. Ессентуки, бул. Чайковского, д. 9 к. 51, 518330",+7 998 304 0298,486416
ОАО «Фадеева-Зуева»,"клх Лянтор, бул. Волгоградский, д. 58 к. 7/9, 584735",+7 118 919 9029,923661
"ОАО «Вишняков, Зуев и Веселов»","ст. Павловская, пер. Ворошилова, д. 7/9 к. 5/3, 954735",+7 125 198 62 99,224136
НПО «Фадеев»,"клх Каменск-Уральский, пр. Павлика Морозова, д. 415 стр. 87, 602985",+7 (183) 636-3867,603857
Молчанов Лтд,"с. Моршанск, ш. Школьное, д. 6/6 к. 86, 373455",8 (459) 914-1388,465681
Щукин Лимитед,"д. Яхрома, бул. Ломоносова, д. 9/8, 425880",+7 (472) 233-9428,566528
Панова Лимитед,"ст. Братск, ул. Калинина, д. 87, 363126",8 189 454 2430,843740
Сергеев Лтд,"д. Видное, наб. Звездная, д. 2/9 к. 94, 198420",+7 018 997 1210,261414
АО «Самсонов Афанасьев»,"д. Североморск, ш. Прудное, д. 9 стр. 710, 169214",8 639 258 94 85,780335
ООО «Щербаков-Наумов»,"д. Анадырь, пр. Красных Партизан, д. 68, 405194",8 143 638 8421,523044
"РАО «Васильев, Алексеев и Сысоева»","г. Вуктыл, алл. 8 Марта, д. 258 стр. 8, 761787",8 271 264 0967,287322
АО «Афанасьев Логинов»,"к. Мыс Шмидта, бул. Нахимова, д. 8 к. 9, 954522",8 (195) 472-0254,339432
Фомин Лимитед,"клх Хоста, алл. Томская, д. 1 стр. 12, 330893",8 (160) 550-0016,111251
Корпорация Тактическое ракетное вооружение,"клх Кырен, пер. Привокзальный, д. 89, 023330",+7 (708) 357-3639,465820
НПО «Самойлова-Кириллов»,"п. Троицк (Челяб.), пер. 50 лет Октября, д. 2, 315657",8 (082) 255-9720,300165
ЗАО «Воронцов»,"п. Обоянь, пр. Профсоюзный, д. 5 стр. 5/9, 279763",+7 962 800 53 05,212553
"ООО «Емельянов, Гурьева и Носкова»","с. Оса, пер. Энергетический, д. 896 стр. 6/9, 397055",+7 (991) 034-4186,352906
ЗАО «Харитонов»,"д. Комсомольск-на-Амуре, пер. Энергетиков, д. 942 к. 176, 496811",+7 (594) 775-55-82,900761
Сибирская горно-металлургическая компания,"ст. Таштагол, пр. Плеханова, д. 862 к. 3, 708733",8 (372) 728-89-37,670539
РАО «Смирнов Борисов»,"клх Бавлы, пер. Циолковского, д. 4/2 стр. 619, 844632",8 195 290 5571,105415
"РАО «Дементьева, Дьячкова и Гуляев»","ст. Куртамыш, пр. Тополиный, д. 43 к. 7/3, 000126",+7 343 298 21 47,285502
Кириллова Лимитед,"клх Иркутск, наб. Северная, д. 26 к. 485, 422860",+7 (609) 045-1655,794343
ИП «Яковлева-Петров»,"с. Кузнецк, пер. Иркутский, д. 3, 596229",+79321772088,211000
Фролова Инк,"п. Верхнее Пенжино, бул. Морозова, д. 8/5, 009454",8 906 503 52 38,174120
АФК Система,"д. Щельяюр, наб. Краснознаменная, д. 35 стр. 9, 869041",8 938 670 76 03,967615
Королев и партнеры,"ст. Городовиковск, алл. Декабристов, д. 296, 981791",8 458 259 0671,499256
"АО «Суворова, Сорокина и Чернов»","к. Сорочинск, пр. Пугачева, д. 595, 554900",+7 705 598 42 33,404424
"ИП «Кудрявцев, Пономарева и Авдеева»","п. Красноярск, бул. Водников, д. 1 стр. 42, 428544",8 513 460 36 34,310366
Красильников Лтд,"клх Ирбит, пер. Прибрежный, д. 3, 277248",+7 541 196 18 11,156533
"НПО «Федосеева, Громова и Кулаков»","с. Бузулук, бул. Северный, д. 1 стр. 3, 542499",8 145 331 1032,684342
"ООО «Блинов, Исаев и Рожков»","с. Казань, наб. Крымская, д. 9, 723036",+7 085 017 1408,955564
"ОАО «Гордеева, Буров и Фомина»","ст. Солнечногорск, бул. Рязанский, д. 3 к. 43, 386532",+7 (006) 270-9403,250924
НМЖК,"к. Тотьма, ул. Чкалова, д. 2 к. 93, 367131",+78156356145,581851
"НПО «Карпов, Калашникова и Полякова»","г. Белореченск, ул. Луначарского, д. 16, 169553",+7 999 709 90 14,750111
Горбунов Инкорпорэйтед,"клх Валдай, алл. Хвойная, д. 9 стр. 27, 346959",8 (811) 457-5471,628102
РАО «Лебедева»,"к. Беломорск, ул. Разина, д. 33, 602376",8 (335) 872-8222,448941
Аксенов Лтд,"д. Камышин, пер. Николаева, д. 5/4 к. 7, 861109",8 (452) 039-95-42,285624
Р-Фарм,"ст. Кабанск, пер. Павлика Морозова, д. 30 стр. 882, 821687",8 181 230 71 80,162527
Ярче!,"д. Улан-Удэ, ул. 50 лет Победы, д. 2/2 к. 5, 956388",80864678710,741549
ОАО «Никифорова Князев»,"клх Дмитров, наб. Володарского, д. 66, 179951",+75035271162,152192
"ОАО «Чернов, Орлов и Миронова»","к. Мичуринск, ш. Тополиное, д. 73 стр. 4, 654156",86147862446,685112
Громова Инк,"с. Руза, алл. Энергетиков, д. 1/2 к. 8/9, 762864",+7 307 756 21 19,299783
ЗАО «Филиппова-Жукова»,"с. Брянск, пер. Чайкиной, д. 4/5, 942972",8 406 266 96 07,807244
Верисел-трейдинг,"к. Кулу, бул. Средний, д. 8/5 к. 70, 587808",8 754 021 1714,296390
АО «Медведева-Дорофеев»,"клх Магнитогорск, алл. Промышленная, д. 3 к. 57, 011458",+7 (533) 134-23-49,710496
ОАО «Селиверстова»,"ст. Усть-Камчатск, наб. Тополиная, д. 800, 933097",+71614678582,489780
"ИП «Самойлова, Колесникова и Гришин»","к. Красноуфимск, алл. Жуковского, д. 691 к. 2, 150168",+7 (339) 732-17-98,860707
АО «Кудряшов-Дементьев»,"к. Эльтон, ш. Угловое, д. 29 к. 323, 621335",8 802 594 6173,220753
ООО «Маслов-Горбачева»,"с. Верхнее Пенжино, бул. Свободы, д. 65 к. 3/4, 352223",+78339715046,642167
ИП «Муравьев Кошелев»,"д. Нальчик, ул. Привокзальная, д. 70 к. 1/1, 502949",+7 315 002 67 92,989084
Быкова Инк,"г. Ардон, пер. Ставропольский, д. 1/2 к. 29, 092308",+7 (073) 433-54-98,804087
НПО «Ильина»,"к. Сыктывкар, алл. Водопроводная, д. 305, 249328",+7 (848) 856-09-93,841355
ИП «Суворов»,"п. Тихорецк, пр. Островского, д. 307 к. 2, 010957",+7 425 850 20 65,895924
АвтоВАЗ,"г. Улан-Удэ, ш. Никитина, д. 172 к. 9/6, 660963",8 (962) 706-0167,435541
Муравьев Инкорпорэйтед,"ст. Воронеж, наб. Красина, д. 99, 977143",89696654910,224532
"НПО «Ильин, Козлов и Дмитриева»","д. Кежма, пр. Фабричный, д. 4/7, 175137",+7 (283) 496-84-92,146229
"ИП «Александров, Орлова и Сафонова»","п. Белогорск (Амур.), алл. Леваневского, д. 904 стр. 15, 421995",8 369 702 0263,158475
"ИП «Антонов, Волков и Никитина»","клх Ершов, пр. Гончарова, д. 432 к. 3/7, 448724",8 (097) 525-83-86,876589
Группа Агат,"г. Славгород, наб. Тамбовская, д. 175 к. 13, 152428",+7 (450) 312-97-82,226950
ЗАО «Лукин-Коновалов»,"п. Иркутск, бул. Базарный, д. 2/2 стр. 815, 004242",8 (817) 403-9776,740179
ЗАО «Якушев Суханова»,"к. Палана, наб. Тимирязева, д. 5/3, 152567",88148220103,933126
"АО «Крюков, Князева и Герасимова»","г. Калуга, бул. Сосновый, д. 75 к. 6/4, 127304",8 (275) 647-88-97,297782
АО «Силин»,"с. Канск, ш. Логовое, д. 292 к. 3, 641322",85439448891,287373
Кондратьев Инк,"клх Балашиха, бул. Геологический, д. 1/4 стр. 2, 013706",8 415 216 79 65,265471
"НПО «Веселова, Антонов и Воробьева»","ст. Буденновск, пер. Солнечный, д. 13 стр. 34, 797750",+77100045059,185174
"ОАО «Денисов, Носов и Смирнова»","клх Воскресенск, бул. Демьяна Бедного, д. 3 к. 2/2, 219926",8 758 798 7626,953905
ЗАО «Моисеев Лазарева»,"к. Березники, пер. Красноярский, д. 27 к. 1, 873260",8 (102) 647-50-34,879155
ЗАО «Панфилова Селезнев»,"ст. Бугуруслан, пр. Путейский, д. 68, 846858",84606843363,125473
ЗАО «Ермакова-Кулакова»,"ст. Апрелевка, алл. Садовая, д. 6/7 к. 503, 928877",+7 (199) 157-59-81,950643
РАО «Харитонов Петрова»,"п. Видное, пр. Попова, д. 345 стр. 33, 694679",8 (939) 204-3908,701442
Roust,"с. Сосьва (Хант.), наб. Совхозная, д. 8 к. 3/7, 197934",8 603 913 0707,473856
ООО «Туров-Силина»,"с. Калач, ул. Вавилова, д. 7, 192029",+7 (938) 657-76-16,783248
НПО «Никитина»,"д. Юрьев-Польский, пр. Логовой, д. 336, 293257",+7 757 129 6538,283560
НПО «Баранов»,"п. Плес, ул. Волгоградская, д. 97 стр. 2, 510280",+79725695628,945165
ОАО «Калашникова-Киселева»,"ст. Нижний Тагил, ул. Халтурина, д. 4 стр. 5, 768049",+7 340 013 05 26,901094
"АО «Кудряшова, Соловьева и Овчинникова»","п. Шуя, наб. Морозова, д. 3/1 к. 94, 137635",+7 (685) 367-4072,977401
Мазда Мотор Рус (Mazda),"п. Владимир, наб. Макарова, д. 36 к. 275, 287947",+7 (032) 841-0214,683672
"АО «Никитин, Мясникова и Щукин»","с. Ершов, алл. Победы, д. 2 стр. 39, 273265",81752074974,894624
ОАО «Капустина»,"ст. Волгоград, алл. Макарова, д. 38 стр. 8/1, 110201",8 (199) 739-2504,534566
ООО «Доронин Артемьева»,"с. Алагир, ул. Волочаевская, д. 6 к. 905, 684765",8 (346) 645-76-32,246863
ООО «Костина Орлова»,"д. Великий Устюг, алл. Театральная, д. 7/7, 900869",+7 240 668 14 29,120750
ЗАО «Миронова»,"г. Дудинка, пер. Станционный, д. 8/9 стр. 9, 214345",8 (250) 593-1761,311951
Вирлпул Рус (Whirlpool),"п. Медногорск, алл. Профсоюзная, д. 8 стр. 6, 579960",+7 430 185 5550,325832
Данилова Лтд,"с. Магадан, бул. Болотный, д. 5, 319346",80834188686,443810
ЗАО «Блинов-Пахомова»,"д. Кежма, ш. Луначарского, д. 5/6, 774351",8 260 024 60 12,371621
Жданов Инк,"с. Токма, бул. Профсоюзный, д. 99, 747108",+7 755 979 90 18,771586
НПО «Прохорова-Доронина»,"с. Коломна, ш. Серафимовича, д. 4 стр. 576, 962183",+7 314 392 1808,920626
Иванов Инк,"к. Чегем, бул. Ленский, д. 9 к. 581, 486054",+7 103 343 17 55,299992
ИП «Большаков-Галкина»,"с. Усть-Камчатск, алл. Брянская, д. 51 к. 7, 906898",8 834 315 98 82,821464
"ИП «Кабанова, Терентьева и Гордеева»","клх Орехово-Зуево, пр. Волочаевский, д. 94 стр. 1/6, 492841",80105683299,586714
ОАО «Бирюкова-Князев»,"клх Шахты, ш. Л.Толстого, д. 510, 848864",8 (652) 225-2190,449493
ОАО «Соколов Кулагин»,"п. Бологое, наб. Пролетарская, д. 62 к. 4/4, 709295",+7 192 516 7144,949351
"РАО «Ширяев, Рыбакова и Белова»","к. Троицк (Челяб.), ш. Абрикосовое, д. 55 стр. 8, 185659",+7 (138) 044-7526,691453
РАО «Кулагин»,"с. Тавда, бул. 50 лет ВЛКСМ, д. 414, 925792",8 352 093 2367,500120
РАО «Мамонтова»,"ст. Чегем, наб. Радужная, д. 826 к. 246, 206184",8 (273) 583-8778,153963
ОАО «Савельева»,"д. Славгород, ул. Российская, д. 9 стр. 2/3, 107177",+7 043 082 36 56,824939
Мосгортранс,"д. Белорецк, наб. Тельмана, д. 7/6 стр. 897, 950487",+77093894838,280916
"ЗАО «Симонова, Абрамов и Копылова»","ст. Междуреченский, ш. Крайнее, д. 849 к. 510, 982773",8 (187) 860-1383,637213
ВГТРК,"к. Новочеркасск, пер. Заовражный, д. 796 стр. 35, 709322",8 404 154 06 09,714007
ОАО «Ефремов Корнилов»,"п. Алдан, ш. 8-е Марта, д. 7 к. 6, 919558",+7 (045) 080-8123,142771
ОАО «Виноградова-Григорьева»,"г. Углегорск, алл. Бульварная, д. 1/6 к. 7/2, 681104",+7 812 531 8382,831530
РАО «Полякова»,"с. Малая Вишера, ш. Высокое, д. 23, 414483",+7 398 163 37 60,174293
Компания Адамас,"п. Майкоп, наб. Толбухина, д. 2/7 к. 9/2, 209680",84442406693,287817
ЗАО «Власова-Авдеев»,"д. Нефтекамск, бул. Маяковского, д. 72 стр. 3/5, 027385",8 974 988 14 76,143868
Кудряшова Инкорпорэйтед,"п. Раменское, бул. Дружба, д. 3 к. 6, 437879",+7 010 798 0172,568633
Блохин Лтд,"г. Ершов, ш. Воронежское, д. 7 к. 491, 053778",8 (229) 757-03-43,728027
ОАО «Медведева-Кабанова»,"ст. Черский, наб. Пугачева, д. 6/5 стр. 656, 101785",89442061591,885118
АО «Филиппова-Владимирова»,"к. Новый Оскол, алл. Черемушки, д. 8/7 к. 447, 498760",8 (803) 597-8095,748395
РАО «Рогова Белозерова»,"с. Усть-Кут, ш. 9 Января, д. 69 к. 82, 413807",+7 (314) 174-5557,281615
Исаева Инкорпорэйтед,"ст. Юрьев-Польский, пр. Запрудный, д. 8/8 стр. 47, 473709",81490618006,663092
ЗАО «Денисова Стрелков»,"г. Александровск-Сахалинский, ул. Хуторская, д. 34 к. 1/1, 205057",80547798503,888355
Росжелдорпроект,"г. Вуктыл, пр. Мичурина, д. 57 стр. 65, 992540",8 708 397 81 09,945254
РАО «Устинов-Афанасьева»,"п. Приозерск, ш. Восточное, д. 4/8 к. 981, 846970",+7 881 185 3006,251309
Силин и партнеры,"п. Октябрьское (Хант.), пер. Подлесный, д. 132 стр. 77, 646074",8 (203) 851-39-75,830232
Калинина Инк,"с. Уфа, наб. 9 мая, д. 76, 498489",8 350 357 3709,601153
РАО «Зыков-Муравьев»,"клх Печора, бул. Черняховского, д. 1/1, 754870",80137976226,395531
Волков Инкорпорэйтед,"к. Барнаул, ш. Алтайское, д. 861 стр. 9/7, 337207",+72475852358,637850
ОАО «Беспалова-Данилова»,"г. Беломорск, ш. Орловское, д. 7/3 к. 11, 476942",+7 438 641 9311,234265
Совкомбанк,"п. Учалы, пр. Февральский, д. 669 к. 15, 728097",8 875 663 90 83,493025
ОАО «Корнилов Лебедева»,"д. Бугульма, пер. Воровского, д. 57, 677525",8 571 025 23 17,160650
ООО «Фадеева-Кабанов»,"п. Нижнеудинск, наб. Свободы, д. 7, 716285",8 (153) 083-7325,172765
РАО «Кудряшова Гаврилова»,"п. Чикола, ш. Хвойное, д. 27 стр. 14, 627892",8 443 168 60 07,547753
"ИП «Орлова, Савельев и Крюкова»","с. Усмань, алл. Хвойная, д. 85 к. 9/1, 449921",8 592 634 91 57,835452
"НПО «Назаров, Панов и Красильников»","с. Белокуриха, пр. Чапаева, д. 115, 275865",+72484542007,682603
АО «Герасимова-Галкина»,"с. Дагомыс, пер. Речной, д. 56 стр. 53, 317634",86013122677,362560
ООО «Авдеева-Селезнева»,"с. Токсово, ул. Заводская, д. 9, 743303",8 (599) 898-80-18,605972
Антонов Лимитед,"с. Каргополь, пер. Железнодорожный, д. 76, 608697",8 482 461 5012,746986
ЗАО «Терентьев»,"ст. Енисейск, наб. Гвардейская, д. 792 к. 7/3, 503590",8 (638) 410-5193,493069
Соболев Инкорпорэйтед,"с. Ангарск, пр. Запорожский, д. 9/2 к. 7, 098691",8 511 278 10 37,357157
НПО «Суворов Хохлов»,"г. Лодейное Поле, бул. Аэродромный, д. 204 к. 9, 710930",85984857492,108471
"ИП «Капустин, Бирюкова и Самойлова»","п. Находка, алл. Ключевая, д. 708 к. 353, 677086",+7 (007) 217-3865,373029
НПФ Газфонд пенсионные накопления,"г. Нижнеудинск, бул. Сосновый, д. 9/8 стр. 228, 153543",+7 092 622 9559,598244
РАО «Гордеева-Морозова»,"с. Краснотурьинск, бул. Элеваторный, д. 6 стр. 5, 602602",8 (046) 613-09-54,868893
РАО «Архипов Никитин»,"г. Устюжна, алл. Беляева, д. 101 стр. 3, 300049",+78611793344,103965
Щукин Инкорпорэйтед,"п. Саратов, пр. Кирова, д. 62, 736299",+7 486 978 24 81,124126
РАО «Самсонова-Шарова»,"ст. Воронеж, ш. Труда, д. 762, 182951",8 264 938 65 64,811997
Селезнева Групп,"с. Баргузин, бул. Красных Партизан, д. 6 стр. 5, 611701",8 (959) 096-05-80,962929
ОАО «Шестаков Воробьева»,"с. Шаховская, пр. 9 Января, д. 61 к. 9, 826945",+77820915100,215833
Лазарева и партнеры,"ст. Калуга, пер. Энтузиастов, д. 333, 422872",81624973670,185703
АО «Дмитриева Антонов»,"ст. Серафимович, пер. Парковый, д. 3/9 стр. 6, 440041",8 (642) 751-73-57,683762
ОАО «Костин»,"п. Охотск, наб. Балтийская, д. 34 к. 3/5, 335607",+7 (139) 757-13-57,614890
Моисеева Лтд,"ст. Усть-Баргузин, пр. Докучаева, д. 47 стр. 91, 612479",8 (918) 222-3350,553262
Федотова Инк,"с. Усмань, пр. Тракторный, д. 5 к. 8, 139082",+72619223618,738530
ММС Рус (Mitsubishi Motors),"клх Гудермес, пер. Терешковой, д. 91 к. 9, 443966",+7 261 104 15 44,657254
Якушева Лимитед,"к. Хоста, пер. Кедровый, д. 245, 717956",8 (356) 063-39-13,930754
Гришин Лтд,"г. Великие Луки, пер. Малый, д. 6/7, 042164",8 559 127 70 69,717480
РАО «Попова-Нестерова»,"ст. Тикси, алл. Гафури, д. 8, 585410",8 968 627 2275,722860
ТЭК Мосэнерго,"д. Токсово, алл. Дзержинского, д. 98, 542991",8 828 845 78 74,779936
РАО «Федосеева-Киселев»,"с. Красновишерск, алл. Пушкина, д. 6, 096584",+7 368 991 67 09,195246
ИП «Щербаков-Ковалева»,"д. Сосьва (Хант.), наб. Кирпичная, д. 1 к. 6, 694582",+7 669 777 7899,291840
"ИП «Ильин, Герасимов и Родионов»","клх Щельяюр, пер. Целинный, д. 45 к. 5, 845263",8 114 559 6185,619271
НПО «Егоров»,"ст. Липецк, пер. Шевченко, д. 114, 096069",8 911 863 56 54,704336
"ООО «Владимиров, Тарасова и Галкина»","к. Меренга, пр. Заливный, д. 388 стр. 17, 517849",8 809 798 66 06,329510
ОАО «Богданов Киселева»,"клх Саянск, пер. Бульварный, д. 57, 139050",+7 (823) 654-10-90,294929
Гаврилова Лтд,"ст. Учалы, ш. Ангарское, д. 8 стр. 2, 954108",8 (594) 004-99-38,406223
НПО «Шилова Гуляева»,"п. Кущевская, бул. Ясный, д. 5 к. 43, 270643",+7 (856) 549-34-83,860145
ИП «Мухина Константинова»,"д. Армавир, ш. Стадионное, д. 4 к. 56, 389582",8 (098) 594-0390,722729
РМ Рейл,"к. Баксан, ш. Кленовое, д. 5/6, 421004",8 447 611 37 43,229812
Мираторг,"г. Усть-Ордынский, пер. Клубный, д. 1/9 стр. 4/9, 840999",8 (049) 646-67-71,169934
"РАО «Сазонова, Самойлов и Ковалев»","к. Сузун, пер. Глинки, д. 4 стр. 9/5, 971182",+7 (916) 790-47-45,264990
НПО «Киселева-Кузьмин»,"п. Курган, алл. Восточная, д. 809 стр. 5/7, 705040",8 (832) 074-3160,698794
ООО «Матвеева Воронцов»,"д. Киренск, пр. Ленина, д. 757 стр. 851, 450350",8 745 264 1995,719616
ООО «Овчинников-Селиверстов»,"клх Воркута, пер. Ленина, д. 7, 784798",8 (237) 554-49-48,685418
ОАО «Борисова»,"к. Йошкар-Ола, наб. Енисейская, д. 3, 717969",80569740119,628913
ОАО «Носова-Лапин»,"к. Можга, наб. 50 лет Победы, д. 84 стр. 959, 397235",8 (133) 973-8920,600548
Новосталь,"ст. Салават, бул. Урожайный, д. 1 стр. 6, 707289",8 993 167 2022,178036
ЗАО «Колесников-Овчинникова»,"ст. Медногорск, ул. Гоголя, д. 18 к. 4, 260440",8 137 036 67 15,104976
"ООО «Блохина, Тихонов и Трофимова»","клх Печора, наб. Производственная, д. 6/5, 212973",80523693039,846078
ИП «Кудряшова Никонова»,"д. Шумиха, ш. Тракторное, д. 612, 532520",+7 672 397 2489,491673
Рябова Лимитед,"д. Псков, алл. Калинина, д. 6/8 к. 354, 978448",8 (472) 959-9090,777163
"ООО «Владимирова, Орехов и Мельников»","п. Калининград, пер. Инженерный, д. 613 стр. 436, 441633",8 (542) 033-4703,848119
АО «Мясников Федоров»,"клх Тырныауз, бул. Социалистический, д. 533, 400656",8 980 834 5021,938144
ООО «Захарова Филатова»,"с. Сладково, алл. Тукая, д. 75 стр. 1, 208917",8 (466) 015-28-80,816034
ЗАО «Беспалова-Лихачева»,"с. Верещагино (Перм.), алл. Кирова, д. 2/4 стр. 88, 812057",8 (690) 212-4014,415229
РАО «Брагин»,"клх Великий Устюг, пр. Краснодарский, д. 383, 056592",+7 (277) 973-44-14,805578
Дмитриев Групп,"с. Краснотурьинск, бул. Стахановский, д. 49, 094966",+7 (181) 020-77-74,939878
ООО «Боброва»,"к. Домбай, ул. Флотская, д. 7/6, 287230",+7 476 801 3567,905840
НПО «Зиновьева Бирюкова»,"ст. Лазаревское, наб. Урицкого, д. 64, 356093",+7 224 386 9089,631672
Тетерина и партнеры,"с. Сочи, наб. 9 Января, д. 428, 688300",+7 249 617 38 58,665054
"НПО «Одинцова, Лыткина и Богданов»","д. Белый Яр (Томск.), ул. Ольховая, д. 1/8 к. 331, 863646",+7 (943) 279-7744,948561
РАО «Сафонова-Беспалова»,"к. Сосьва (Хант.), ш. Пожарского, д. 6, 551697",8 462 390 3292,926259
Кондратьев Лтд,"г. Гаврилов-Ям, алл. Культуры, д. 7/2 стр. 76, 958690",+7 (856) 104-70-96,486592
РАО «Беспалова»,"г. Елец, алл. Таманская, д. 923 стр. 9, 669887",8 (732) 615-1308,818192
Соловьев Инкорпорэйтед,"ст. Нижний Тагил, пер. ДОС, д. 4, 556370",+7 223 823 9153,841059
НПО «Максимова-Григорьева»,"клх Джубга, ул. Нефтяников, д. 39 к. 9, 805826",+7 (170) 894-36-50,761485
НПО «Захарова-Комиссарова»,"ст. Мокшан, наб. Элеваторная, д. 88 к. 569, 399296",8 (681) 762-8714,164232
ИП «Маркова»,"клх Борзя, ш. Цветочное, д. 1/2 стр. 1/2, 140537",+7 (070) 254-56-52,248041
РАО «Лихачев-Сафонов»,"ст. Алапаевск, ул. Шолохова, д. 9/8, 669830",8 (017) 959-31-73,960038
"РАО «Голубев, Чернова и Панфилова»","ст. Рыльск, пер. Серова, д. 343 стр. 860, 688230",8 (733) 563-72-90,421098
АО «Цветков»,"к. Нарьян-Мар, пр. Деповский, д. 7, 956391",8 012 931 5658,796223
РАО «Ларионов»,"к. Беслан, пер. Новый, д. 2/4 стр. 2/4, 147345",87144879068,924748
АО «Королева»,"г. Ржев, ш. Магистральное, д. 78 стр. 638, 540239",8 (366) 702-1648,504062
ОАО «Бирюков»,"п. Курган, алл. Ангарская, д. 160 к. 46, 915771",+7 770 894 6981,353093
Гришина Групп,"д. Северодвинск, пер. Бабушкина, д. 38 стр. 841, 781979",+75057915682,996807
РАО «Корнилов»,"к. Шенкурск, ш. Тельмана, д. 17 стр. 467, 770628",+7 (213) 561-81-71,758321
"ИП «Селезнев, Зиновьев и Логинова»","с. Волгоград, ш. Большое, д. 8 стр. 4/5, 342892",+7 218 021 0774,938348
Шубина и партнеры,"ст. Кетченеры, пер. Димитрова, д. 8 к. 75, 601770",89982715935,103418
Roust,"с. Норильск, бул. Северный, д. 27 к. 316, 575819",8 (058) 468-05-54,384740
ИП «Егоров»,"с. Александров, алл. Серова, д. 16 к. 9, 636471",+7 779 551 2667,660070
РАО «Евдокимова-Блинова»,"д. Сыктывкар, ш. Короткое, д. 20 к. 48, 475656",82877636091,811781
РАО «Богданова Самсонов»,"п. Белореченск, алл. Железнодорожная, д. 21 стр. 6, 102038",8 065 903 45 78,719336
ИП «Блинова-Крюков»,"к. Йошкар-Ола, алл. Пушкина, д. 92 стр. 3, 889437",83428439629,896348
ОАО «Игнатов Хохлова»,"к. Сургут (Хант.), ул. Войкова, д. 33 стр. 588, 119488",8 750 414 90 76,936163
АО «Кулагин Селиверстова»,"клх Ишим, пр. Тельмана, д. 946 стр. 41, 921360",86082919457,937668
"АО «Новиков, Белоусов и Ефремова»","к. Истра, пер. Макарова, д. 6/2 к. 790, 278669",8 459 313 5277,896715
Якобс Дау Эгбертс Рус (Jacobs Douwe Egberts),"д. Каргасок, пер. Дальний, д. 1 стр. 781, 212189",+7 (990) 838-7103,445113
РАО «Лазарева»,"с. Усть-Ишим, бул. Маркса, д. 5 стр. 117, 201183",8 025 781 7322,297702
Джонсон & Джонсон (Johnson & Johnson),"г. Волоколамск, бул. Приморский, д. 565 к. 14, 355537",8 (952) 744-0070,960051
Компания Газ-Альянс,"д. Октябрьский (Башк.), пр. Попова, д. 60 стр. 106, 693549",+74827314948,191501
ЗАО «Мухина Иванов»,"клх Тихвин, алл. Пригородная, д. 1, 677261",+7 (010) 279-63-00,132470
"ООО «Зиновьева, Фомина и Пахомова»","к. Котлас, бул. Ясный, д. 1/7, 543736",+7 378 651 6153,340027
ИП «Горбачева-Исакова»,"к. Чокурдах, ш. Слободское, д. 12 к. 905, 396232",8 609 301 2434,979672
РАО «Савин»,"клх Адыгейск, пр. Менделеева, д. 568 к. 4, 551298",85684048652,115030
ИП «Кулакова-Дроздова»,"к. Кизел, ш. Просвещения, д. 2/4 к. 81, 128082",+73216880809,486545
ДОМ.РФ,"с. Бузулук, алл. Инженерная, д. 80, 585720",+7 (874) 067-6709,615137
Башкирская содовая компания,"к. Охотск, алл. Циолковского, д. 16, 634416",+7 532 018 03 39,682392
ООО «Алексеев»,"с. Тверь, пер. Угловой, д. 7/2 к. 555, 327505",+7 034 891 02 48,904082
НПО «Юдин Дементьева»,"д. Ангарск, пер. Глинки, д. 974 к. 8, 732390",8 (024) 697-0768,660475
ОАО «Сазонов-Исаков»,"г. Осташков, ш. М.Горького, д. 69, 459590",+70006208418,181725
Вирлпул Рус (Whirlpool),"клх Ачхой Мартан, алл. Ермака, д. 15 к. 525, 178800",+79868412752,182682
"НПО «Новиков, Одинцова и Васильев»","к. Рязань, ш. Сахалинское, д. 428 стр. 4/6, 704045",8 393 501 0252,758376
ОАО «Чернов»,"клх Лотошино, наб. Полярная, д. 4/7 стр. 291, 132663",+7 782 438 7560,576510
"РАО «Буров, Кудряшов и Сысоева»","д. Волгоград, пер. Коммунаров, д. 71 стр. 635, 839462",83771375481,618551
"ООО «Горбунова, Лукин и Евдокимов»","д. Кетченеры, алл. Светлая, д. 1, 390833",+75806218610,186757
ЗАО «Большакова Суханов»,"п. Кирово-Чепецк, ш. Советской Армии, д. 1 к. 7/7, 184756",8 (657) 389-28-04,703428
"АО «Комиссаров, Орехова и Артемьева»","клх Черкесск, пер. Ягодный, д. 57 стр. 5, 262974",84718843548,723224
ООО «Шестаков-Белов»,"к. Москва, МГУ, ш. Щербакова, д. 4/9 к. 1/1, 133078",+74233640901,534667
ЗАО «Соколов»,"ст. Яшкуль, ш. Угловое, д. 369, 647512",8 605 134 2147,838111
Компания Металл Профиль,"клх Туапсе, ул. Курганная, д. 6 к. 9, 273358",+7 001 190 6950,155164
"ОАО «Цветков, Якушева и Панфилов»","д. Кяхта, бул. Светлый, д. 677 к. 2/8, 919273",+7 762 526 1148,292556
Кордиант,"с. Кашира, ш. Мусы Джалиля, д. 7/4, 833881",8 949 603 33 35,299591
ОАО «Андреев»,"г. Новый Оскол, ул. Олега Кошевого, д. 505, 312244",8 (285) 584-81-17,443954
"НПО «Кабанова, Константинов и Третьяков»","с. Мураши, пр. Бригадный, д. 84 к. 6/8, 385792",+7 (370) 605-0290,258164
ИП «Евдокимова Соловьева»,"с. Партизанск, наб. Краснофлотская, д. 4/8, 247125",+7 (904) 684-52-52,432482
"ИП «Алексеева, Рябова и Нестерова»","клх Омск, пер. Амурский, д. 886 к. 7/3, 748340",+7 404 646 63 63,965813
"АО «Селиверстова, Бобров и Сидоров»","ст. Чебаркуль, алл. Щетинкина, д. 2/7, 897929",8 278 351 4245,511519
Егоров и партнеры,"к. Ейск, ш. Панфилова, д. 8, 847672",8 160 522 3822,599668
Терентьева Групп,"п. Норильск, алл. Инженерная, д. 48, 455897",+7 (666) 082-99-14,157136
НПО «Рогов-Веселов»,"ст. Сергиев Посад, наб. Короленко, д. 164 к. 584, 479121",+7 (382) 406-21-23,175130
Главное управление обустройства войск (ГУОВ),"г. Железногорск(Курск.), бул. Автомобилистов, д. 5/4 стр. 503, 766857",+7 048 878 25 20,731778
"ИП «Антонова, Некрасов и Егорова»","г. Фатеж, наб. Краснопартизанская, д. 5/2 стр. 49, 615831",+7 255 978 4131,423432
НПО «Воробьев»,"ст. Юрюзань, ш. Кедровое, д. 8/2 к. 313, 419143",+7 677 338 1555,600270
Сысоева Инк,"с. Кириши, наб. Горького, д. 4/5, 182480",+7 (408) 249-07-63,247033
Щукин Групп,"к. Усолье Сибирское, пр. Вольный, д. 9, 241575",+7 (603) 744-7457,452024
"ЗАО «Шарова, Марков и Лыткина»","клх Ступино, ул. Гайдара, д. 9 к. 7/9, 506069",+7 588 627 77 56,308691
ООО «Веселов»,"д. Карабудахкент, наб. Беляева, д. 51, 279174",+7 552 878 2204,817526
НПО «Исаева»,"с. Усмань, алл. Крылова, д. 5/4, 965597",+7 (440) 233-6893,399875
"РАО «Фомин, Кудрявцев и Соловьева»","к. Ребриха, ул. Серова, д. 7 стр. 1/1, 315398",+7 (611) 195-2736,559608
Фадеев Групп,"клх Шаховская, наб. Фадеева, д. 9, 039389",+70922707348,624227
РАО «Сидорова»,"г. Приморско-Ахтарск, наб. Базарная, д. 9/4 к. 2/2, 374327",8 293 363 4324,627405
ООО «Федосеева»,"клх Арзамас, ул. М.Горького, д. 806 к. 62, 693020",8 (655) 258-80-45,466800
"ЗАО «Дроздов, Евсеева и Антонова»","п. Ряжск, пер. Кавказский, д. 5 стр. 9, 638239",+7 955 118 80 67,476216
"ООО «Блохина, Лобанов и Данилова»","к. Мыс Шмидта, ул. Средняя, д. 4, 723773",+7 (038) 021-4094,223582
ЗАО «Дорофеев Орлов»,"клх Подольск, бул. Октября, д. 639 стр. 17, 562632",+7 (125) 895-39-21,638202
"ООО «Морозов, Трофимова и Артемьева»","с. Шуя, пер. Льва Толстого, д. 19, 081942",8 (601) 556-0077,262006
